Time;Distorted
1;0,000997331
2;0,200931625
3;0,065849096
4;0,293300768
5;0,246093525
6;0,295184153
7;0,454884459
8;0,329606742
9;0,569589188
10;0,478709916
11;0,573162139
12;0,682836732
13;0,577232143
14;0,8126515
15;0,685070709
16;0,818962524
17;0,870857418
18;0,793055606
19;1,008380423
20;0,853944074
21;1,019205049
22;1,010102773
23;0,966034508
24;1,146320267
25;0,97705676
26;1,161851326
27;1,092689535
28;1,086433892
29;1,22034031
30;1,047556893
31;1,239439987
32;1,116829531
33;1,148710004
34;1,226734813
35;1,063237532
36;1,250131435
37;1,081090471
38;1,149020326
39;1,167167252
40;1,02410626
41;1,19273968
42;0,990327196
43;1,091066711
44;1,045664322
45;0,934308452
46;1,072304857
47;0,852083089
48;0,976755041
49;0,873522958
50;0,801981696
51;0,900224326
52;0,675329666
53;0,816842656
54;0,662584132
55;0,634468953
56;0,686238093
57;0,474097204
58;0,622537596
59;0,426943915
60;0,445661823
61;0,446829286
62;0,261573153
63;0,40620045
64;0,183803682
65;0,247000181
66;0,197803065
67;0,053776376
68;0,182666327
69;-0,049624228
70;0,053441991
71;-0,042140332
72;-0,137328878
73;-0,030523634
74;-0,258606204
75;-0,122880858
76;-0,257984333
77;-0,296527508
78;-0,22040168
79;-0,42784411
80;-0,267398839
81;-0,434136906
82;-0,412706564
83;-0,373599829
84;-0,545051169
85;-0,372893689
86;-0,557864077
87;-0,478615867
88;-0,477458291
89;-0,601390069
90;-0,428762755
91;-0,619377606
92;-0,487911359
93;-0,525077046
94;-0,592532118
95;-0,430213124
96;-0,613657465
97;-0,437878024
98;-0,510881151
99;-0,516814291
100;-0,377341224
101;-0,539184657
102;-0,331214876
103;-0,43447993
104;-0,377365066
105;-0,270032996
106;-0,399614631
107;-0,174140553
108;-0,299002382
109;-0,182501571
110;-0,113864894
111;-0,200400758
112;0,027362048
113;-0,110454809
114;0,057286451
115;0,083011663
116;0,04541847
117;0,261429955
118;0,120466713
119;0,327673062
120;0,310000167
121;0,325927853
122;0,513630223
123;0,381312178
124;0,615196851
125;0,555318507
126;0,623402359
127;0,771328089
128;0,657114154
129;0,902028735
130;0,805164161
131;0,92106416
132;1,020404653
133;0,932066382
134;1,172501967
135;1,046096991
136;1,202151601
137;1,245769573
138;1,192087187
139;1,410394723
140;1,263016859
141;1,450757939
142;1,436997391
143;1,420900795
144;1,60200593
145;1,446962193
146;1,652747163
147;1,58157186
148;1,605671376
149;1,738722898
150;1,586298642
151;1,795783189
152;1,67387242
153;1,737279543
154;1,813506163
155;1,673256216
156;1,873727746
157;1,710339974
158;1,807262351
159;1,822127621
160;1,706154663
161;1,881667423
162;1,688771926
163;1,81438756
164;1,765956566
165;1,681940255
166;1,823249312
167;1,613300562
168;1,758794992
169;1,65129277
170;1,60513932
171;1,701197064
172;1,490114117
173;1,644928231
174;1,486022774
175;1,482509228
176;1,524974282
177;1,328175537
178;1,481970072
179;1,282197815
180;1,320652484
181;1,309368931
182;1,139336472
183;1,281412411
184;1,054678491
185;1,132503148
186;1,066539449
187;0,936225207
188;1,056504614
189;0,81944444
190;0,930384371
191;0,815417311
192;0,732994638
193;0,822732995
194;0,592211549
195;0,729714423
196;0,572114123
197;0,544479983
198;0,597430868
199;0,389349246
200;0,542297349
201;0,354643053
202;0,382603215
203;0,395287374
204;0,223904586
205;0,382522344
206;0,177967665
207;0,258909818
208;0,230449312
209;0,107762867
210;0,26145049
211;0,053172742
212;0,183556723
213;0,116377168
214;0,050356532
215;0,187941927
216;-0,008587336
217;0,161849321
218;0,059423837
219;0,057291614
220;0,168427712
221;-0,002081796
222;0,196225728
223;0,066600524
224;0,12689255
225;0,205937214
226;0,073254541
227;0,285099
228;0,1390903
229;0,258911239
230;0,298994715
231;0,214871591
232;0,426443247
233;0,274224906
234;0,44415789
235;0,444585876
236;0,413992174
237;0,612321069
238;0,463158398
239;0,67413656
240;0,63398892
241;0,66085679
242;0,831482259
243;0,698718434
244;0,934469403
245;0,859273259
246;0,940712249
247;1,072721114
248;0,965384319
249;1,211782
250;1,105939575
251;1,239145294
252;1,323191352
253;1,24956406
254;1,489773009
255;1,361276679
256;1,536049886
257;1,568467909
258;1,534671551
259;1,751620479
260;1,611060071
261;1,816899207
262;1,795366986
263;1,804417648
264;1,984337673
265;1,841281549
266;2,064217553
267;1,989907931
268;2,041979569
269;2,173449022
270;2,039043534
271;2,264135087
272;2,143940687
273;2,236560831
274;2,310001014
275;2,194496546
276;2,405904666
277;2,248620023
278;2,374332994
279;2,386110054
280;2,297804444
281;2,481937091
282;2,299755546
283;2,450738403
284;2,398655672
285;2,345370556
286;2,488175288
287;2,294381182
288;2,460797587
289;2,350404929
290;2,334122261
291;2,427498973
292;2,234467178
293;2,405181862
294;2,243811527
295;2,267484314
296;2,304824696
297;2,12630987
298;2,28874997
299;2,089164744
300;2,150080977
301;2,12825452
302;1,977828199
303;2,12138092
304;1,896028584
305;1,99035547
306;1,912160949
307;1,799889414
308;1,913170201
309;1,678285256
310;1,799924383
311;1,6699101
312;1,604204091
313;1,680004185
314;1,452014866
315;1,592535474
316;1,419036507
317;1,403765927
318;1,437994329
319;1,232636808
320;1,381228507
321;1,177254859
322;1,213511331
323;1,202546567
324;1,034329664
325;1,180742714
326;0,960738252
327;1,04602277
328;0,99021977
329;0,871802776
330;1,005613153
331;0,784584249
332;0,913349828
333;0,816560637
334;0,755325731
335;0,867930481
336;0,661072281
337;0,823786621
338;0,693889895
339;0,694287736
340;0,777649102
341;0,600623215
342;0,78584391
343;0,632197868
344;0,693287999
345;0,742426938
346;0,606858478
347;0,802000056
348;0,635309569
349;0,75507762
350;0,765116215
351;0,681230698
352;0,873396145
353;0,705275261
354;0,87460574
355;0,846980259
356;0,821248049
357;0,997669241
358;0,839603196
359;1,047749603
360;0,984112478
361;1,018196262
362;1,166475897
363;1,03242031
364;1,264450486
365;1,169364725
366;1,26296681
367;1,373610635
368;1,27123213
369;1,512910482
370;1,39409918
371;1,539154324
372;1,605567018
373;1,543352343
374;1,777032408
375;1,64427987
376;1,833128304
377;1,849734882
378;1,833913873
379;2,044661115
380;1,907228443
381;2,127146355
382;2,093666101
383;2,125801043
384;2,299106116
385;2,167579168
386;2,402742339
387;2,323851386
388;2,401107359
389;2,526463488
390;2,410921752
391;2,645550442
392;2,526702694
393;2,645474429
394;2,714344667
395;2,622217035
396;2,842100044
397;2,691955135
398;2,843896725
399;2,851674896
400;2,791334936
401;2,981209238
402;2,811205198
403;2,985831101
404;2,93216619
405;2,908845871
406;3,054634588
407;2,877294496
408;3,06403046
409;2,95293154
410;2,967761145
411;3,060525535
412;2,888209622
413;3,073694988
414;2,914854677
415;2,966749418
416;3,000315183
417;2,844731443
418;3,016562464
419;2,819928389
420;2,905593234
421;2,877952425
422;2,75110898
423;2,896281725
424;2,676798154
425;2,791001087
426;2,703179733
427;2,614561098
428;2,723997079
429;2,495775392
430;2,630012789
431;2,489571077
432;2,444429837
433;2,50998186
434;2,290125521
435;2,43533278
436;2,250670527
437;2,252442694
438;2,26956773
439;2,073319639
440;2,218593744
441;2,003975221
442;2,052175496
443;2,019409185
444;1,860779933
445;1,996509094
446;1,765535688
447;1,856510802
448;1,777108997
449;1,66533806
450;1,781906833
451;1,552561804
452;1,680411076
453;1,558719383
454;1,503139363
455;1,592110913
456;1,378074946
457;1,534354105
458;1,378753638
459;1,383832288
460;1,439070686
461;1,256984992
462;1,429112044
463;1,251347174
464;1,315428008
465;1,332915957
466;1,195589937
467;1,373708852
468;1,18543946
469;1,30455903
470;1,284163729
471;1,200859251
472;1,371545194
473;1,187383791
474;1,353601382
475;1,295954904
476;1,2729972
477;1,424048792
478;1,257099358
479;1,458667627
480;1,36845862
481;1,407786217
482;1,530768471
483;1,391788212
484;1,616341767
485;1,500118618
486;1,600092689
487;1,685224805
488;1,585999751
489;1,817174064
490;1,684033305
491;1,838158411
492;1,880052156
493;1,827800064
494;2,050090211
495;1,910479235
496;2,107112117
497;2,105316388
498;2,10312614
499;2,302329762
500;2,166232629
501;2,393035244
502;2,347064964
503;2,397089559
504;2,558927917
505;2,43643883
506;2,679631788
507;2,592725218
508;2,691298385
509;2,806361707
510;2,706790855
511;2,948041874
512;2,82823856
513;2,970213317
514;3,030405551
515;2,961788709
516;3,185521606
517;3,041504305
518;3,216337351
519;3,217998417
520;3,185702449
521;3,377259325
522;3,218904297
523;3,416537914
524;3,360418165
525;3,36569296
526;3,512418159
527;3,352854985
528;3,558370616
529;3,448778174
530;3,493651831
531;3,58493869
532;3,435206055
533;3,635323959
534;3,47976223
535;3,561482906
536;3,591494556
537;3,462355633
538;3,642736873
539;3,453758347
540;3,566191903
541;3,533285395
542;3,433131208
543;3,582605464
544;3,37231646
545;3,507608096
546;3,415311115
547;3,352017518
548;3,459702324
549;3,243949108
550;3,392969513
551;3,245585142
552;3,224007043
553;3,282433725
554;3,075291425
555;3,228221628
556;3,037750998
557;3,058929316
558;3,064280986
559;2,880786833
560;3,025768322
561;2,805212885
562;2,868405997
563;2,818806944
564;2,672347695
565;2,799848377
566;2,564694241
567;2,664415842
568;2,564022698
569;2,465228557
570;2,565619274
571;2,33105209
572;2,460765243
573;2,317233235
574;2,271592128
575;2,338577203
576;2,121742762
577;2,272642819
578;2,095222699
579;2,106527307
580;2,134965765
581;1,951030944
582;2,111345759
583;1,912996293
584;1,979682162
585;1,967303209
586;1,830198152
587;1,988838983
588;1,783909042
589;1,901258526
590;1,849393398
591;1,767763841
592;1,914965159
593;1,715926784
594;1,877495821
595;1,7894284
596;1,76856052
597;1,893225627
598;1,716228718
599;1,909683597
600;1,791960826
601;1,834694355
602;1,9283493
603;1,785590013
604;1,997835011
605;1,859311193
606;1,962382921
607;2,019332202
608;1,921000917
609;2,137814145
610;1,988661799
611;2,145523114
612;2,162264508
613;2,114934704
614;2,321517868
615;2,17272484
616;2,372315647
617;2,348468356
618;2,356910889
619;2,539677004
620;2,401261101
621;2,631168082
622;2,568109362
623;2,63218919
624;2,778771809
625;2,662667319
626;2,906854856
627;2,809199085
628;2,926527464
629;3,026680096
630;2,940678497
631;3,182862295
632;3,059506829
633;3,220356939
634;3,268659789
635;3,219503078
636;3,44366052
637;3,303116859
638;3,497910858
639;3,491166012
640;3,482748397
641;3,673956866
642;3,526659332
643;3,741919527
644;3,681721486
645;3,716130881
646;3,860361703
647;3,718631953
648;3,939703843
649;3,830620291
650;3,905431321
651;3,993787084
652;3,867298346
653;4,080042406
654;3,929395724
655;4,040239198
656;4,067557329
657;3,96426887
658;4,153863554
659;3,973313654
660;4,111947107
661;4,076009878
662;4,005780459
663;4,15852673
664;3,962030781
665;4,118881889
666;4,022653861
667;3,989163419
668;4,095865268
669;3,895902097
670;4,061385095
671;3,911656918
672;3,917186797
673;3,969401245
674;3,780936605
675;3,942520777
676;3,750145329
677;3,795792128
678;3,790298987
679;3,626267789
680;3,772847684
681;3,551563205
682;3,632229463
683;3,569573101
684;3,440578113
685;3,563506226
686;3,327322382
687;3,438610105
688;3,323529025
689;3,23919634
690;3,327054836
691;3,094600859
692;3,227529278
693;3,067179062
694;3,033658627
695;3,082104481
696;2,867574735
697;3,014609503
698;2,819257558
699;2,838865118
700;2,843711174
701;2,662930146
702;2,811759032
703;2,5969167
704;2,667668514
705;2,627537386
706;2,493641132
707;2,634527517
708;2,414142169
709;2,53098733
710;2,450343458
711;2,37074172
712;2,494388921
713;2,283888422
714;2,439451611
715;2,322530081
716;2,305181439
717;2,401123924
718;2,215916789
719;2,398500681
720;2,254373897
721;2,299129141
722;2,362550832
723;2,21502046
724;2,412759145
725;2,251296178
726;2,355699329
727;2,381865587
728;2,282925991
729;2,481890485
730;2,315289386
731;2,472382857
732;2,460112561
733;2,417042735
734;2,602954688
735;2,443087957
736;2,641769265
737;2,592379018
738;2,608141452
739;2,769050319
740;7,627924527
741;7,855708176
742;7,772147221
743;7,847273633
744;7,972612861
745;7,859783063
746;8,100807106
747;7,990159104
748;8,119370925
749;8,200865802
750;8,125271411
751;8,363264747
752;8,233906964
753;8,408781483
754;8,441358302
755;8,40893716
756;8,627868847
757;8,489512569
758;8,698445855
759;8,68047192
760;8,694145346
761;8,879323685
762;3,742746167
763;3,970931545
764;3,904899766
765;3,96444895
766;4,103177927
767;3,97817734
768;4,210981162
769;4,100978277
770;4,202996207
771;4,286814482
772;4,182369672
773;4,40424485
774;4,259632852
775;4,396692105
776;4,420113304
777;4,343797403
778;4,540214197
779;4,370444175
780;4,534271259
781;4,496100104
782;4,455135858
783;4,611347059
784;4,428993964
785;4,607912387
786;4,511039537
787;4,507656322
788;4,613748153
789;4,432354991
790;4,614855241
791;4,465863263
792;4,500034276
793;4,548813258
794;4,381834438
795;4,5544151
796;4,363792465
797;4,434812909
798;4,422008832
799;4,280498075
800;4,431357907
801;4,214012077
802;4,315173553
803;4,243091926
804;4,137214121
805;4,255345467
806;4,025802447
807;4,15074326
808;4,024068578
809;3,959667957
810;4,038484741
811;3,81187679
812;3,95128067
813;3,778959857
814;3,762511084
815;3,794334828
816;3,587011337
817;3,732495854
818;3,524862827
819;3,556762714
820;3,539933811
821;3,366455892
822;3,506180713
823;3,279015634
824;3,356454733
825;3,292507157
826;3,16489876
827;3,288861975
828;3,057520796
829;3,175451596
830;3,068768144
831;2,994421857
832;3,095724539
833;2,875842241
834;3,025776404
835;2,882768909
836;2,868920695
837;2,938206643
838;2,746329503
839;2,91721854
840;2,749078542
841;2,795312416
842;2,828745727
843;2,677316825
844;2,858033422
845;2,675937882
846;2,779303948
847;2,774554632
848;2,675006325
849;2,852252087
850;2,668677821
851;2,823680102
852;2,780550767
853;2,739661462
854;2,901920154
855;2,730665598
856;2,925247006
857;2,848011183
858;2,869389699
859;3,004821796
860;2,858417962
861;3,078987908
862;2,973185637
863;3,054703858
864;3,15577148
865;3,043909927
866;3,276321382
867;3,149085008
868;3,287357264
869;3,346000268
870;3,277436763
871;3,506115284
872;3,367675405
873;3,552069232
874;3,564776484
875;3,546290367
876;3,754645323
877;3,6148258
878;3,833035965
879;3,800820367
880;3,832575718
881;4,007256801
882;3,877293078
883;4,114897243
884;4,039311994
885;4,120793019
886;4,250426121
887;4,139800754
888;4,381054798
889;4,267872268
890;4,393707827
891;4,469274492
892;4,385728128
893;4,613794873
894;4,473265594
895;4,634271068
896;4,651567278
897;4,601377095
898;4,8017403
899;4,642478531
900;4,828866251
901;4,786901512
902;4,775044156
903;4,933578349
904;4,7671057
905;4,966953198
906;5,225505139
907;5,243105251
908;5,339207552
909;5,169658595
910;5,358189713
911;5,202188729
912;5,256975692
913;5,293246872
914;5,140500235
915;5,314202818
916;5,119888594
917;5,207585962
918;5,181024927
919;5,055301731
920;5,201501583
921;4,981964646
922;5,0958818
923;5,007782934
924;4,917305185
925;5,025151179
926;4,795147251
927;4,926656408
928;4,782528275
929;4,732953315
930;4,794189393
931;4,569118284
932;4,708272912
933;4,517467205
934;4,511507262
935;4,521067851
936;4,315912296
937;4,452162816
938;4,227238744
939;4,264491339
940;4,220877501
941;4,049175288
942;4,166958169
943;3,933534417
944;4,019829471
945;3,935215467
946;3,818168841
947;3,928547414
948;3,691953843
949;3,812361368
950;3,682677968
951;3,617673587
952;3,697623242
953;3,473710878
954;3,619371526
955;3,452743861
956;3,445420535
957;3,48852054
958;3,293896614
959;3,453866207
960;3,262640878
961;3,313038359
962;3,316535305
963;3,163769478
964;3,32721087
965;3,124886977
966;3,228566308
967;3,19233933
968;3,093537727
969;3,248723666
970;3,04862673
971;3,199182475
972;3,125906129
973;3,087427787
974;3,223313461
975;3,039823522
976;3,226974485
977;3,121197266
978;3,145511421
979;3,253656907
980;3,101118792
981;3,310477438
982;3,181134188
983;3,26672437
984;3,338851836
985;3,227410419
986;3,4459644
987;3,301697515
988;3,443561768
989;3,475323463
990;3,412290734
991;3,625754113
992;3,476417734
993;3,665787957
994;3,654933608
995;3,645887312
996;3,839135884
997;3,696452112
998;3,919036117
999;3,868401311
1000;3,913978057
1001;4,073891998
1002;3,9482124
1003;4,189421709
1004;4,102290464
1005;4,20102675
1006;4,315881415
1007;4,2173795
1008;4,461072101
1009;4,343917506
1010;4,488653653
1011;4,552000066
1012;4,487661179
1013;4,717455123
1014;4,578601357
1015;4,759514175
1016;4,768669116
1017;4,742871705
1018;4,942750048
1019;4,792728549
1020;4,99861349
1021;4,952274194
1022;4,967611102
1023;5,125029563
1024;4,975526829
1025;5,191718464
1026;5,092932544
1027;5,149748318
1028;5,25268728
1029;5,114256252
1030;5,326741532
1031;5,183835039
1032;5,277325366
1033;5,320057339
1034;5,202358853
1035;5,395287383
1036;5,21822428
1037;5,343242856
1038;5,322698905
1039;5,235116246
1040;5,396189797
1041;5,196951924
1042;5,344453731
1043;5,262343317
1044;5,209422874
1045;5,327776173
1046;5,122032437
1047;5,280649476
1048;5,143035798
1049;5,129923422
1050;5,196508588
1051;4,997798079
1052;5,157366251
1053;4,973510553
1054;5,001286386
1055;5,010918764
1056;4,832565506
1057;4,982870535
1058;4,765545919
1059;4,831025505
1060;4,783987638
1061;4,639610402
1062;4,768139427
1063;4,532105992
1064;4,631702446
1065;4,53049216
1066;4,428631499
1067;4,52748402
1068;4,289141604
1069;4,415219266
1070;4,2665627
1071;4,215538222
1072;4,276141925
1073;4,053471343
1074;4,196321263
1075;4,010731847
1076;4,013091057
1077;4,032079813
1078;3,839001568
1079;3,988752044
1080;3,779601368
1081;3,834543884
1082;3,810377472
1083;3,660451801
1084;3,806914586
1085;3,587491661
1086;3,691874907
1087;3,626229255
1088;3,529254806
1089;3,66176615
1090;3,447745474
1091;3,594196735
1092;3,491186521
1093;3,454916239
1094;3,563873148
1095;3,370324735
1096;3,548137689
1097;3,414251466
1098;3,441142615
1099;3,519361269
1100;3,360082124
1101;3,55706057
1102;3,402663221
1103;3,490999235
1104;3,532108951
1105;3,419402859
1106;3,621092139
1107;3,458101993
1108;3,600397801
1109;3,603750108
1110;3,54312987
1111;3,737066052
1112;3,576192997
1113;3,764141458
1114;3,728004108
1115;3,726089409
1116;3,898547835
1117;3,750776475
1118;3,972558497
1119;3,900380308
1120;3,957382631
1121;4,096258604
1122;3,9727328
1123;4,211540055
1124;4,109546481
1125;4,22183373
1126;4,318073475
1127;4,22864257
1128;4,469256274
1129;4,344495187
1130;4,504156847
1131;4,551448551
1132;4,503368088
1133;4,728225792
1134;4,589986088
1135;4,786627685
1136;4,783410459
1137;4,779394312
1138;4,974509979
1139;4,833299581
1140;5,054042867
1141;4,999801542
1142;5,041008111
1143;5,192797005
1144;5,058429053
1145;5,287867561
1146;5,187398976
1147;5,271432379
1148;5,370350765
1149;5,252935228
1150;5,476212486
1151;5,336198744
1152;5,457898422
1153;5,496668204
1154;5,405472859
1155;5,606049617
1156;5,438084695
1157;5,588147406
1158;5,564902095
1159;5,506509462
1160;5,671903715
1161;5,486080463
1162;5,655748922
1163;5,572090167
1164;5,550136883
1165;5,668431327
1166;5,479574258
1167;5,656322477
1168;5,518470376
1169;5,533948773
1170;5,597751923
1171;5,418392188
1172;5,59056711
1173;5,407253305
1174;5,460647959
1175;5,464130326
1176;5,307297215
1177;5,461866711
1178;5,246674506
1179;5,333967002
1180;5,27712248
1181;5,153504541
1182;5,280415731
1183;5,049042921
1184;5,163250842
1185;5,04966043
1186;4,967975644
1187;5,05732504
1188;4,824772232
1189;4,95818928
1190;4,796749416
1191;4,761815739
1192;4,806781246
1193;4,589666429
1194;4,732142892
1195;4,53360468
1196;4,548121826
1197;4,545924036
1198;4,359275559
1199;4,501061597
1200;4,27842651
1201;4,340415546
1202;4,292231683
1203;4,147769452
1204;4,277816628
1205;4,047286473
1206;4,152434351
1207;4,059535049
1208;3,968189616
1209;4,079261771
1210;3,855005477
1211;3,996347431
1212;3,866102359
1213;3,83352878
1214;3,915396657
1215;3,715394594
1216;3,882211467
1217;3,723112724
1218;3,751972442
1219;3,799858821
1220;3,636570373
1221;3,817825176
1222;3,640195937
1223;3,728984053
1224;3,73852774
1225;3,623475491
1226;3,806398917
1227;3,623813288
1228;3,765741693
1229;3,737966729
1230;3,6790011
1231;3,849840878
1232;3,675310824
1233;3,860682743
1234;3,796158136
1235;3,799094963
1236;3,947343764
1237;3,792363677
1238;4,008107405
1239;3,912440422
1240;3,97646454
1241;4,091486289
1242;3,967582643
1243;4,199686235
1244;4,079580094
1245;4,20065021
1246;4,274354576
1247;4,191578061
1248;4,423013397
1249;4,288222228
1250;4,457376739
1251;4,485716994
1252;4,450183942
1253;4,665937474
1254;4,524946643
1255;4,732207442
1256;4,714108552
1257;4,726727128
1258;4,913288942
1259;4,777482515
1260;5,00773635
1261;4,943790809
1262;5,006752643
1263;5,149696026
1264;5,027920225
1265;5,266787649
1266;5,162583271
1267;5,270133319
1268;5,361735401
1269;5,264248098
1270;5,494291965
1271;5,357694193
1272;5,503345766
1273;5,536032913
1274;5,469867015
1275;5,675918017
1276;5,517055379
1277;5,690788243
1278;5,663823186
1279;5,633933599
1280;5,801834135
1281;3,631185061
1282;3,821925954
1283;3,736479266
1284;3,744727655
1285;3,863016713
1286;5,693540474
1287;5,888299138
1288;5,750953409
1289;5,797146719
1290;5,857290468
1291;5,702076317
1292;5,885637926
1293;5,706301898
1294;5,787902495
1295;5,785935397
1296;5,654074953
1297;5,815584168
1298;5,606939941
1299;5,717263054
1300;5,653631632
1301;5,555377445
1302;5,681328288
1303;5,458168274
1304;5,589588636
1305;5,469012921
1306;5,410390495
1307;5,494105278
1308;5,270811989
1309;5,41451821
1310;5,244475886
1311;5,230092518
1312;5,26374018
1313;5,056854161
1314;5,201965617
1315;4,993644721
1316;5,023852009
1317;5,005454043
1318;4,829655641
1319;4,965935436
1320;4,734543393
1321;4,806647139
1322;4,737181129
1323;4,602765441
1324;4,720791403
1325;4,482413424
1326;4,591224133
1327;4,475634537
1328;4,392346731
1329;4,483567344
1330;4,253019552
1331;4,392047047
1332;4,236821498
1333;4,211560723
1334;4,267419698
1335;4,062425924
1336;4,219950331
1337;4,037043473
1338;4,070377657
1339;4,088890904
1340;3,922634476
1341;4,087135664
1342;3,889110613
1343;3,977503092
1344;3,957413487
1345;3,841385548
1346;4,002888523
1347;3,802901364
1348;3,941101474
1349;3,882555982
1350;3,825323194
1351;3,971031886
1352;3,783282765
1353;3,962114997
1354;3,868708848
1355;3,874853895
1356;3,994590843
1357;3,832783076
1358;4,039184807
1359;3,918807667
1360;3,986970521
1361;4,074143746
1362;3,949195294
1363;4,168487852
1364;4,029673173
1365;4,155137533
1366;4,202201979
1367;4,123375127
1368;4,342159193
1369;4,194449403
1370;4,368906026
1371;4,374405377
1372;4,346771114
1373;4,548456066
1374;4,403529196
1375;4,615478041
1376;4,577623709
1377;4,605852553
1378;4,776257384
1379;4,643586439
1380;4,8791421
1381;4,802418583
1382;4,882788077
1383;5,011849483
1384;4,901860805
1385;5,144546529
1386;5,034187354
1387;5,161934843
1388;5,240461115
1389;5,161437538
1390;5,394220269
1391;5,258297254
1392;5,425434838
1393;5,448528697
1394;5,406304981
1395;5,613150895
1396;5,462234072
1397;5,657166213
1398;5,623941073
1399;5,621011193
1400;5,788247583
1401;5,632626095
1402;5,842446122
1403;5,754790897
1404;5,792829102
1405;5,909661304
1406;5,760749454
1407;5,970582805
1408;5,835024244
1409;5,91118569
1410;5,968594922
1411;5,837459672
1412;6,03266157
1413;5,860336377
1414;5,968836345
1415;5,964091943
1416;5,858701364
1417;6,026697131
1418;5,827201472
1419;5,962368349
1420;5,894565738
1421;5,823945339
1422;5,951107369
1423;5,74105481
1424;5,891540407
1425;5,765437962
1426;5,734474928
1427;5,813231744
1428;5,604913321
1429;5,761599529
1430;5,586472967
1431;5,596161796
1432;5,620841322
1433;5,429236234
1434;5,579299498
1435;5,367942335
1436;5,417552158
1437;5,385631586
1438;5,224533777
1439;5,358156278
1440;5,123659468
1441;5,209388258
1442;5,123470729
1443;5,004117027
1444;5,110821088
1445;4,869899341
1446;4,986160372
1447;4,85100322
1448;4,78057031
1449;4,853703707
1450;4,622521262
1451;4,76007266
1452;4,585513836
1453;4,569002684
1454;4,602347093
1455;4,397161199
1456;4,545567501
1457;4,343707076
1458;4,381022218
1459;4,372154799
1460;4,207114979
1461;4,357077247
1462;4,141103488
1463;4,230502752
1464;4,180067301
1465;4,065599549
1466;4,205055584
1467;3,990881719
1468;4,125485209
1469;4,035527674
1470;3,981071422
1471;4,10041314
1472;3,901881745
1473;4,072148789
1474;3,950264712
1475;3,957920841
1476;4,049531334
1477;3,879786226
1478;4,074517423
1479;3,928352986
1480;3,998550502
1481;4,055727936
1482;3,927291417
1483;4,131205499
1484;3,972888887
1485;4,099791871
1486;4,117504553
1487;4,041132641
1488;4,241231098
1489;4,079788128
1490;4,256160462
1491;4,234238842
1492;4,213566407
1493;4,396121756
1494;4,243423284
1495;4,456048538
1496;4,396414215
1497;4,434684061
1498;4,586486211
1499;4,454309573
1500;4,689482127
1501;4,596084182
1502;4,689310215
1503;4,801394115
1504;4,698589629
1505;4,939024664
1506;4,819748605
1507;4,963732722
1508;5,026830454
1509;4,96155516
1510;5,191776692
1511;5,05534195
1512;5,238011302
1513;5,249356486
1514;5,227248597
1515;5,431757771
1516;5,286416738
1517;5,497141862
1518;5,456339758
1519;5,47821398
1520;5,642621544
1521;5,500207664
1522;5,724864503
1523;5,634787936
1524;5,70019474
1525;5,812493347
1526;5,682986245
1527;5,905154134
1528;5,772827237
1529;5,876899321
1530;5,93065225
1531;5,824478221
1532;6,02870289
1533;5,863728623
1534;5,99972755
1535;5,990433072
1536;5,914556531
1537;6,086937237
1538;5,900421975
1539;6,058505407
1540;5,988073892
1541;5,94777032
1542;6,076751987
1543;5,881885743
1544;6,05127093
1545;5,924107187
1546;5,922256933
1547;5,998145698
1548;5,808731082
1549;5,978066698
1550;5,80359903
1551;5,839733228
1552;5,857600542
1553;5,687151614
1554;5,842735351
1555;5,63270876
1556;5,703932236
1557;5,662003477
1558;5,521976838
1559;5,654878134
1560;5,422053576
1561;5,524208742
1562;5,425479959
1563;5,325756741
1564;5,424772864
1565;5,187205365
1566;5,311745542
1567;5,162148269
1568;5,10923132
1569;5,166823021
1570;4,940537089
1571;5,079084185
1572;4,889757984
1573;4,885257041
1574;4,898713215
1575;4,698162426
1576;4,840278322
1577;4,623018445
1578;4,669082085
1579;4,635875782
1580;4,475531297
1581;4,611107678
1582;4,380609329
1583;4,473101232
1584;4,395572447
1585;4,286079124
1586;4,404609559
1587;4,177568625
1588;4,309969737
1589;4,191898482
1590;4,140408659
1591;4,234426427
1592;4,026091571
1593;4,187906194
1594;4,039458978
1595;4,049162813
1596;4,111063377
1597;3,935926584
1598;4,11632482
1599;3,945813824
1600;4,017470327
1601;4,042116415
1602;3,912861891
1603;4,098464381
1604;3,918861521
1605;4,045375928
1606;4,032496178
1607;3,95667676
1608;4,135015841
1609;3,959321657
1610;4,132968159
1611;4,082527628
1612;4,066617043
1613;4,225407292
1614;4,063992163
1615;4,273018141
1616;4,188333901
1617;4,234092671
1618;4,361249143
1619;4,228702366
1620;4,456737842
1621;4,345389785
1622;4,448944591
1623;4,536802548
1624;4,440019352
1625;4,673865536
1626;4,542609041
1627;4,69658466
1628;4,740531864
1629;4,687791681
1630;4,910087041
1631;4,768409755
1632;4,963961153
1633;4,958669171
1634;4,95424809
1635;5,149961738
1636;5,008578478
1637;5,231672417
1638;5,179368377
1639;5,222969167
1640;5,378647581
1641;5,248627003
1642;5,482983529
1643;5,388499607
1644;5,478153781
1645;5,5823614
1646;5,472208356
1647;5,703785479
1648;5,571875387
1649;5,701303657
1650;5,749324732
1651;5,666908895
1652;5,877818271
1653;5,720313293
1654;5,880233331
1655;5,867501991
1656;5,81913204
1657;5,996719908
1658;5,822607049
1659;6,003030518
1660;5,930861618
1661;5,920036035
1662;6,049941285
1663;5,873067783
1664;6,062106768
1665;5,934952549
1666;5,962629644
1667;6,037503109
1668;5,869238748
1669;6,052735918
1670;5,880206493
1671;5,9443303
1672;5,957838598
1673;5,810875989
1674;5,974476145
1675;5,768615406
1676;5,864732881
1677;5,815850567
1678;5,700721398
1679;5,834237757
1680;5,608419997
1681;5,728949674
1682;5,622502593
1683;5,545047441
1684;5,639011747
1685;5,410265527
1686;5,546570771
1687;5,38761203
1688;5,353754027
1689;5,401479788
1690;5,183427976
1691;5,326162416
1692;5,126044643
1693;5,139529809
1694;5,13592409
1695;4,944928032
1696;5,082768663
1697;4,856132001
1698;4,913311669
1699;4,858689722
1700;4,707252734
1701;4,830983411
1702;4,592009693
1703;4,689051378
1704;4,58807202
1705;4,4867042
1706;4,586706513
1707;4,352161622
1708;4,481894092
1709;4,339914446
1710;4,294909693
1711;4,363978962
1712;4,149392128
1713;4,30306668
1714;4,129556189
1715;4,143607665
1716;4,176679096
1717;3,997431381
1718;4,163411047
1719;3,970685809
1720;4,042687134
1721;4,03722222
1722;3,905819456
1723;4,071486044
1724;3,87269986
1725;3,997374073
1726;3,953625599
1727;3,87823945
1728;4,032903493
1729;3,842331573
1730;4,010590032
1731;3,930696949
1732;3,917044243
1733;4,049447139
1734;3,879665239
1735;4,080231456
1736;3,970753229
1737;4,019909342
1738;4,12075902
1739;3,984044612
1740;4,202630117
1741;4,070587899
1742;4,179025678
1743;4,242007741
1744;4,147481338
1745;4,368987284
1746;4,224261773
1747;4,385064091
1748;4,404134383
1749;4,359737413
1750;4,568735646
1751;4,421892254
1752;4,623210192
1753;4,598880252
1754;4,607549411
1755;4,78946448
1756;4,651266809
1757;4,879497866
1758;4,813700069
1759;4,875025883
1760;5,017572427
1761;4,896750754
1762;5,136361356
1763;5,034768174
1764;5,144312005
1765;5,237830868
1766;5,144764289
1767;5,379781537
1768;5,247103987
1769;5,398882615
1770;5,437356795
1771;5,378191908
1772;5,59110396
1773;5,440028749
1774;5,622205996
1775;5,603594966
1776;5,582256
1777;5,759211125
1778;5,598820572
1779;5,799694792
1780;5,724727193
1781;5,74424694
1782;5,872849744
1783;5,715359204
1784;5,92081876
1785;5,794732415
1786;5,852816296
1787;5,925013061
1788;5,780554573
1789;5,975354363
1790;5,80856523
1791;5,901435804
1792;5,910619581
1793;5,790419885
1794;5,962047855
1795;5,764696024
1796;5,88535583
1797;5,833018998
1798;5,744389332
1799;5,880592233
1800;5,66612802
1801;5,806767284
1802;5,694178848
1803;5,644328907
1804;5,734514828
1805;5,518536223
1806;5,669230236
1807;5,504966481
1808;5,495179464
1809;5,506406428
1810;5,304792246
1811;5,452860605
1812;5,248826033
1813;5,281144072
1814;5,264481633
1815;5,089618145
1816;5,225589533
1817;4,994931257
1818;5,06592196
1819;4,994998075
1820;4,858689039
1821;4,972580524
1822;4,730998354
1823;4,835220224
1824;4,714532812
1825;4,625854038
1826;4,709208065
1827;4,473150278
1828;4,602821326
1829;4,440347936
1830;4,405035576
1831;4,451536899
1832;4,237072145
1833;4,382639574
1834;4,189302759
1835;4,209375645
1836;4,215317877
1837;4,037033128
1838;4,187866212
1839;3,976791394
1840;4,050432362
1841;4,014999974
1842;3,885000232
1843;4,030156387
1844;3,815772755
1845;3,937475867
1846;3,862820476
1847;3,78989899
1848;3,918908043
1849;3,715954218
1850;3,876926312
1851;3,768030736
1852;3,757066712
1853;3,880110544
1854;3,701523629
1855;3,891019492
1856;3,754916274
1857;3,807294454
1858;3,878376816
1859;3,737252699
1860;3,942529648
1861;3,788542748
1862;3,899730361
1863;3,93239589
1864;3,839765775
1865;4,044688453
1866;3,884126997
1867;4,047207121
1868;4,040414129
1869;4,002118288
1870;4,19288567
1871;4,03639937
1872;4,239977713
1873;4,193594613
1874;4,212344564
1875;4,376064865
1876;4,235773293
1877;4,464931973
1878;4,382655188
1879;4,457370233
1880;4,582801493
1881;4,468701727
1882;4,708466186
1883;4,595863851
1884;4,721721507
1885;4,800319059
1886;4,720347131
1887;4,953893347
1888;4,819967308
1889;4,988143426
1890;5,014457734
1891;4,975363741
1892;5,186251831
1893;5,03947204
1894;5,239835008
1895;5,21245725
1896;5,215838433
1897;5,390551508
1898;5,242266668
1899;5,459178456
1900;5,380215919
1901;5,426382508
1902;5,55296782
1903;5,413513246
1904;5,632935722
1905;5,507983631
1906;5,594843396
1907;5,662628846
1908;5,54229141
1909;5,748568604
1910;5,58776053
1911;5,708391513
1912;5,714083296
1913;5,621617282
1914;5,799905545
1915;5,613108912
1916;5,759312739
1917;5,703110754
1918;5,644000883
1919;5,782248028
1920;5,58328412
1921;5,744116336
1922;5,629443392
1923;5,608007338
1924;5,697242089
1925;5,498438097
1926;5,663050977
1927;5,498031595
1928;5,515415184
1929;5,548093683
1930;5,364640967
1931;5,52115096
1932;5,316140668
1933;5,371117892
1934;5,34483333
1935;5,18832946
1936;5,325456037
1937;5,094438421
1938;5,183139246
1939;5,099397369
1940;4,981285247
1941;5,088336765
1942;4,847462039
1943;4,963081231
1944;4,826384602
1945;4,753760943
1946;4,82436727
1947;4,590052774
1948;4,723333147
1949;4,543425796
1950;4,521186455
1951;4,548032882
1952;4,336527889
1953;4,477012036
1954;4,266472245
1955;4,295623066
1956;4,277111475
1957;4,101714421
1958;4,240782007
1959;4,013338198
1960;4,091173525
1961;4,028120064
1962;3,901860056
1963;4,028329843
1964;3,799388854
1965;3,920036786
1966;3,816462584
1967;3,746449531
1968;3,850784016
1969;3,636538857
1970;3,790584992
1971;3,653678414
1972;3,644842762
1973;3,720117109
1974;3,534916977
1975;3,711871923
1976;3,550173904
1977;3,603208495
1978;3,643697485
1979;3,500118104
1980;3,686970551
1981;3,512222642
1982;3,623107711
1983;3,625503492
1984;3,533553475
1985;3,717558205
1986;3,541076427
1987;3,702537893
1988;3,666278527
1989;3,632601277
1990;3,800629365
1991;3,635116917
1992;3,835210146
1993;3,763966055
1994;3,790011979
1995;3,93060381
1996;3,787397929
1997;4,012623522
1998;3,910409552
1999;3,994766236
2000;4,098804238
2001;3,988509549
2002;4,222773434
2003;4,097151558
2004;4,23513122
2005;4,293472815
2006;4,224714901
2007;4,451972607
2008;4,311482841
2009;4,493585996
2010;4,503600995
2011;4,4801403
2012;4,685099893
2013;4,541210605
2014;4,75369794
2015;4,714941321
2016;4,739272558
2017;4,906439827
2018;4,76907297
2019;4,998472117
2020;4,913533369
2021;4,984050747
2022;5,103329443
2023;4,98131754
2024;5,211429301
2025;5,087073789
2026;5,199796333
2027;5,262398301
2028;5,165350068
2029;5,378796151
2030;5,224201138
2031;5,370302484
2032;5,37174967
2033;5,306645625
2034;5,491087637
2035;5,315152589
2036;5,485145793
2037;5,426537356
2038;5,396953312
2039;5,537615062
2040;5,354655695
2041;5,535552591
2042;5,420475732
2043;5,42942057
2044;5,516878464
2045;5,339090356
2046;5,519498619
2047;5,354636745
2048;5,401585146
2049;5,430067672
2050;5,268950644
2051;5,435223416
2052;5,233353702
2053;5,313283399
2054;5,280476876
2055;5,147726537
2056;5,288204071
2057;5,062066225
2058;5,170543029
2059;5,077500515
2060;4,981863636
2061;5,085300422
2062;4,852208589
2063;4,980051681
2064;4,832905485
2065;4,781117842
2066;4,8404203
2067;4,614727571
2068;4,753087617
2069;4,562009417
2070;4,556753992
2071;4,567538525
2072;4,364757298
2073;4,503453442
2074;4,281236787
2075;4,32222678
2076;4,282747098
2077;4,116168959
2078;4,244961776
2079;4,007255481
2080;4,091043579
2081;4,00364693
2082;3,884634457
2083;3,993389509
2084;3,755802912
2085;3,876214824
2086;3,746776763
2087;3,68266763
2088;3,764316946
2089;3,542508481
2090;3,689596596
2091;3,526776677
2092;3,522590811
2093;3,56944783
2094;3,378884958
2095;3,544050763
2096;3,358157665
2097;3,41289996
2098;3,422773198
2099;3,276192502
2100;3,445428177
2101;3,249910912
2102;3,359591834
2103;3,330770422
2104;3,237927236
2105;3,40006325
2106;3,207524703
2107;3,365421775
2108;3,298952561
2109;3,267687719
2110;3,411003475
2111;3,234499957
2112;3,428693885
2113;3,330120846
2114;3,360696263
2115;3,474614873
2116;3,32832487
2117;3,543557134
2118;3,420343969
2119;3,510910948
2120;3,588223151
2121;3,480762757
2122;3,703766801
2123;3,563473006
2124;3,707773875
2125;3,743596284
2126;3,682791172
2127;3,897603288
2128;3,750338377
2129;3,939081152
2130;3,929634975
2131;3,920082429
2132;4,112352066
2133;3,968629452
2134;4,188012625
2135;4,135127666
2136;4,177894579
2137;4,333093946
2138;4,203596986
2139;4,439176171
2140;4,346409577
2141;4,438261658
2142;4,546851072
2143;4,440485736
2144;4,674966883
2145;4,548971852
2146;4,684625757
2147;4,738215929
2148;4,663102097
2149;4,88044567
2150;4,730681323
2151;4,899137673
2152;4,895383003
2153;4,856090895
2154;5,042639743
2155;4,878453717
2156;5,070328294
2157;5,008390861
2158;5,008419689
2159;5,149136086
2160;4,984016718
2161;5,183073554
2162;5,068560332
2163;5,107225836
2164;5,194142429
2165;5,037989812
2166;5,232066516
2167;5,071555835
2168;5,14778286
2169;5,172950059
2170;5,03756776
2171;5,212199177
2172;5,017863253
2173;5,124556795
2174;5,086652216
2175;4,980332606
2176;5,124223205
2177;4,908617572
2178;5,03822892
2179;4,939439711
2180;4,87012693
2181;4,972110824
2182;4,750359817
2183;4,893445085
2184;4,740634452
2185;4,712472987
2186;4,764548201
2187;4,551764892
2188;4,697906812
2189;4,5006589
2190;4,515643077
2191;4,51420555
2192;4,324259374
2193;4,463259491
2194;4,236190819
2195;4,291950989
2196;4,235800843
2197;4,082524144
2198;4,202806914
2199;3,960263155
2200;4,052660505
2201;3,946011613
2202;3,837915509
2203;3,932353296
2204;3,690294429
2205;3,812267662
2206;3,66126659
2207;3,607482925
2208;3,666797658
2209;3,442409044
2210;3,584005312
2211;3,399783218
2212;3,401849952
2213;3,422186523
2214;3,230636939
2215;3,38226277
2216;3,176410136
2217;3,23359372
2218;3,213808384
2219;3,067571242
2220;3,217613193
2221;3,004010279
2222;3,113110946
2223;3,052324548
2224;2,962086037
2225;3,100214833
2226;2,893164971
2227;3,044813093
2228;2,949142191
2229;2,919710502
2230;3,035246807
2231;2,849657786
2232;3,033664217
2233;2,908374582
2234;2,941414094
2235;3,02674356
2236;2,875240733
2237;3,07820769
2238;2,931581675
2239;3,025654987
2240;3,074198064
2241;2,967533659
2242;3,175216026
2243;3,017427574
2244;3,166436365
2245;3,174237824
2246;3,118455418
2247;3,316942303
2248;3,159494987
2249;3,351756941
2250;3,319644553
2251;3,319369381
2252;3,494503491
2253;3,348289904
2254;3,570952201
2255;3,499891646
2256;3,556582466
2257;3,695316399
2258;3,571258274
2259;3,808147265
2260;3,703320162
2261;3,812377938
2262;3,905936182
2263;3,812154814
2264;4,047615879
2265;3,917129538
2266;4,071143397
2267;4,11257726
2268;4,056646712
2269;4,2744213
2270;4,127533036
2271;4,314679273
2272;4,302748102
2273;4,287513207
2274;4,471703859
2275;4,319209237
2276;4,528151148
2277;4,461919426
2278;4,48899599
2279;4,628161154
2280;4,479527313
2281;4,695323366
2282;4,580559126
2283;4,649215497
2284;4,731877135
2285;4,598445772
2286;4,806197807
2287;4,650199736
2288;4,754292128
2289;4,775610781
2290;4,667118857
2291;4,850940007
2292;4,66584425
2293;4,797736654
2294;4,756501863
2295;4,6802493
2296;4,827327828
2297;4,624984241
2298;4,777062409
2299;4,675032727
2300;4,634858421
2301;4,735923707
2302;4,530001145
2303;4,68991162
2304;4,534303274
2305;4,534210602
2306;4,58010266
2307;4,385729321
2308;4,541216525
2309;4,343417839
2310;4,382054976
2311;4,370420235
2312;4,199388866
2313;4,340488848
2314;4,11208955
2315;4,186897223
2316;4,117663773
2317;3,982533506
2318;4,097890498
2319;3,855205599
2320;3,958849489
2321;3,83709868
2322;3,745994955
2323;3,826868906
2324;3,586949069
2325;3,713499927
2326;3,545022691
2327;3,503808044
2328;3,54499311
2329;3,322992268
2330;3,46124325
2331;3,259516325
2332;3,271008548
2333;3,267926129
2334;3,078742042
2335;3,219792795
2336;2,997128426
2337;3,059524896
2338;3,011564976
2339;2,868232501
2340;3,001878829
2341;2,772673922
2342;2,880557374
2343;2,791965034
2344;2,703804773
2345;2,818845115
2346;2,599581703
2347;2,7462064
2348;2,621081353
2349;2,593964291
2350;2,682708573
2351;2,488022941
2352;2,66178352
2353;2,509061346
2354;2,545115561
2355;2,599827366
2356;2,443436589
2357;2,631086492
2358;2,461949833
2359;2,55679357
2360;2,575206942
2361;2,467446254
2362;2,656318248
2363;2,4819881
2364;2,629850782
2365;2,609155928
2366;2,556335142
2367;2,734128062
2368;2,565537126
2369;2,755881361
2370;2,69806871
2371;2,705835207
2372;2,858783386
2373;2,708117426
2374;2,927421755
2375;2,835885991
2376;2,903415409
2377;3,020912448
2378;2,899497836
2379;3,132672723
2380;3,013942335
2381;3,134765167
2382;3,208878467
2383;3,126234128
2384;3,355978448
2385;3,219423709
2386;3,387104672
2387;3,412708888
2388;3,372583056
2389;3,584066213
2390;3,438723663
2391;3,640171418
2392;3,616024201
2393;3,62186261
2394;3,800945934
2395;3,6567837
2396;3,879677482
2397;3,805951482
2398;3,859411401
2399;3,99151492
2400;3,860353235
2401;4,087047268
2402;3,971211967
2403;4,066026948
2404;4,144279641
2405;4,033518926
2406;4,249475989
2407;4,098642452
2408;4,230255015
2409;4,247322451
2410;4,165033333
2411;4,356359805
2412;4,180162796
2413;4,338111072
2414;4,29371458
2415;4,246933382
2416;4,398024664
2417;4,210527788
2418;4,383352456
2419;4,28102499
2420;4,271065854
2421;4,371448993
2422;4,184781825
2423;4,361071112
2424;4,206685365
2425;4,235404781
2426;4,278671653
2427;4,104736795
2428;4,271388761
2429;4,075832558
2430;4,139785399
2431;4,122006422
2432;3,974069176
2433;4,119594307
2434;3,894932765
2435;3,990444879
2436;3,912729748
2437;3,799594001
2438;3,912317232
2439;3,675036796
2440;3,793687203
2441;3,660501695
2442;3,590549449
2443;3,661838085
2444;3,42871405
2445;3,56158296
2446;3,382122223
2447;3,35861742
2448;3,383967896
2449;3,169266764
2450;3,307156143
2451;3,092276325
2452;3,116690955
2453;3,093150783
2454;2,911208953
2455;3,043220413
2456;2,80869405
2457;2,8778751
2458;2,80705036
2459;2,670350385
2460;2,787691885
2461;2,548571703
2462;2,658056238
2463;2,542625066
2464;2,46057669
2465;2,553177326
2466;2,324940097
2467;2,466879273
2468;2,315479686
2469;-7,707422602
2470;-7,646515445
2471;-7,847022436
2472;-7,684693561
2473;-7,861986298
2474;-7,824099117
2475;-7,799403703
2476;-7,9592748
2477;-7,787584172
2478;-7,978950505
2479;-7,883710908
2480;-7,897374653
2481;-8,005806716
2482;-7,837164371
2483;-8,029556748
2484;-7,883979926
2485;-7,935368076
2486;-7,985066701
2487;2,168370834
2488;1,987932761
2489;2,173295541
2490;2,088388207
2491;2,09983611
2492;2,227331156
2493;2,072131105
2494;2,284629846
2495;2,169745914
2496;2,243666715
2497;2,336157938
2498;2,215820323
2499;2,439707375
2500;2,305022343
2501;2,434565819
2502;2,485216783
2503;2,408298703
2504;2,628347262
2505;2,483426891
2506;2,659456998
2507;2,665047823
2508;2,63753838
2509;2,838453475
2510;2,69211404
2511;2,902365064
2512;2,862726239
2513;2,887179578
2514;3,054862688
2515;2,918559189
2516;3,148953379
2517;3,06613947
2518;3,140631408
2519;3,26329299
2520;3,145680758
2521;3,380370295
2522;3,260958342
2523;3,37999626
2524;3,44891829
2525;3,358876729
2526;3,581078846
2527;3,433847635
2528;3,589325608
2529;3,600283429
2530;3,544463445
2531;3,738190759
2532;3,573405453
2533;3,754484743
2534;3,706835404
2535;3,688498671
2536;3,841031842
2537;3,669373014
2538;3,862638733
2539;3,759202115
2540;3,78034263
2541;3,880777874
2542;3,714768142
2543;3,906791249
2544;3,754468348
2545;3,813399709
2546;3,853716391
2547;3,705036942
2548;3,882313324
2549;3,692515406
2550;3,784115928
2551;3,761607691
2552;3,639150668
2553;3,789418323
2554;3,57453422
2555;3,692220869
2556;3,608011299
2557;3,521632111
2558;3,632726542
2559;3,407299998
2560;3,542534128
2561;3,402163742
2562;3,355784537
2563;3,420719494
2564;3,199772185
2565;3,342450489
2566;3,155278888
2567;3,152590028
2568;3,165563006
2569;2,963406741
2570;3,103006309
2571;2,881359708
2572;2,921775535
2573;2,882200114
2574;2,712584049
2575;2,838515474
2576;2,597662411
2577;2,676994388
2578;2,585677534
2579;2,460626011
2580;2,56421811
2581;2,319098075
2582;2,431953269
2583;2,29497656
2584;2,222032196
2585;2,294094872
2586;2,062101824
2587;2,200204055
2588;2,0256892
2589;2,009921008
2590;2,044837587
2591;1,842475332
2592;1,99383184
2593;1,795099362
2594;1,836451102
2595;1,831648128
2596;1,670563058
2597;1,825227897
2598;1,614265135
2599;1,709458095
2600;1,665635835
2601;1,557529378
2602;1,703852252
2603;1,496009864
2604;1,636827327
2605;1,555368182
2606;1,507973996
2607;1,635191347
2608;1,443432826
2609;1,621684979
2610;1,507630231
2611;1,522792111
2612;1,622156415
2613;1,460892209
2614;1,661927427
2615;1,523944798
2616;1,601277475
2617;1,665785003
2618;1,545097783
2619;1,755237765
2620;1,602744242
2621;1,736176264
2622;1,759465056
2623;1,688036962
2624;1,893309312
2625;1,736290364
2626;1,916810972
2627;1,898675158
2628;1,882119186
2629;2,067338985
2630;1,916481583
2631;2,131473925
2632;2,073473828
2633;2,111204028
2634;2,263745921
2635;2,131148829
2636;2,364211112
2637;2,269657143
2638;2,361311231
2639;2,469846523
2640;2,36398623
2641;2,600342787
2642;2,476738904
2643;2,614084578
2644;2,671442844
2645;2,600894521
2646;2,823386607
2647;2,678727693
2648;2,853242987
2649;2,855283056
2650;2,823562123
2651;3,017805097
2652;2,861777199
2653;3,061436555
2654;3,009227342
2655;3,018265315
2656;3,170169929
2657;3,014137175
2658;3,224728416
2659;3,121034296
2660;3,171834548
2661;3,269584265
2662;3,125639729
2663;3,331823548
2664;3,183381246
2665;3,271032824
2666;3,308886178
2667;3,185950063
2668;3,373450871
2669;3,191008556
2670;3,309697529
2671;3,284335717
2672;3,190570182
2673;3,346221401
2674;3,142289131
2675;3,283538991
2676;3,196299761
2677;3,138134433
2678;3,251184191
2679;3,039548486
2680;3,192366466
2681;3,0498185
2682;3,03141559
2683;3,092063213
2684;2,886589654
2685;3,04071279
2686;2,851590465
2687;2,873023556
2688;2,877367678
2689;2,692523504
2690;2,836024828
2691;2,612938031
2692;2,672610551
2693;2,619610503
2694;2,468505334
2695;2,590757352
2696;2,347974023
2697;2,440851111
2698;2,333849082
2699;2,225028693
2700;2,316896353
2701;2,071865379
2702;2,190716867
2703;2,036097378
2704;1,976967705
2705;2,031226063
2706;1,799911214
2707;1,935992181
2708;1,743492339
2709;1,737664618
2710;1,74990422
2711;1,549143655
2712;1,691319126
2713;1,474586553
2714;1,521183018
2715;1,489760094
2716;1,331441792
2717;1,469915117
2718;1,242580992
2719;1,338801429
2720;1,264848271
2721;1,159387291
2722;1,283975386
2723;1,061926941
2724;1,200050403
2725;1,088496338
2726;1,043961461
2727;1,144640091
2728;0,942993428
2729;1,111915907
2730;0,970625435
2731;0,988063591
2732;1,058152147
2733;0,890508589
2734;1,078491451
2735;0,916199433
2736;0,995981539
2737;1,028933494
2738;0,907127795
2739;1,101144142
2740;0,929628519
2741;1,063377164
2742;1,058165664
2743;0,990555705
2744;1,17579325
2745;1,005973278
2746;1,186545911
2747;1,143151264
2748;1,132608789
2749;1,297191343
2750;1,141602616
2751;1,355110968
2752;1,275385053
2753;1,323709819
2754;1,456281761
2755;1,325504674
2756;1,556751262
2757;1,446691989
2758;1,550910891
2759;1,641125109
2760;1,544497343
2761;1,777772279
2762;1,646239279
2763;1,797986239
2764;1,839340265
2765;1,783705449
2766;2,00266503
2767;1,857683239
2768;2,04844691
2769;2,039044714
2770;2,027919805
2771;2,216880809
2772;2,068946195
2773;2,2834987
2774;2,223697344
2775;2,258466903
2776;2,404570349
2777;2,264750603
2778;2,488379834
2779;2,381891551
2780;2,460697626
2781;2,553824908
2782;2,430479686
2783;2,64868399
2784;2,503841247
2785;2,619521401
2786;2,652962773
2787;2,55554706
2788;2,751766364
2789;2,578314665
2790;2,723556093
2791;2,695129562
2792;2,630293168
2793;2,790680774
2794;2,60072119
2795;2,765564178
2796;2,676029609
2797;2,649215398
2798;2,76208316
2799;2,568752401
2800;2,740009847
2801;2,596318883
2802;2,60731502
2803;2,665996193
2804;2,482006753
2805;2,647897592
2806;2,459388647
2807;2,508303379
2808;2,505612298
2809;2,343888019
2810;2,492734215
2811;2,273070147
2812;2,354011889
2813;2,291926382
2814;2,162918822
2815;2,283307173
2816;2,045965301
2817;2,154019204
2818;2,035552245
2819;1,946986111
2820;2,030699673
2821;1,79235888
2822;1,918983474
2823;1,75130701
2824;1,710406309
2825;1,749199779
2826;1,525430574
2827;1,662040273
2828;1,455730646
2829;1,463479776
2830;1,455885546
2831;1,261626021
2832;1,396266656
2833;1,166383003
2834;1,221347051
2835;1,165858279
2836;1,014683261
2837;1,138226393
2838;0,899940143
2839;0,997446664
2840;0,89744319
2841;0,798632247
2842;0,901696701
2843;0,670367201
2844;0,803881644
2845;0,665525555
2846;0,624869986
2847;0,700178671
2848;0,491552617
2849;0,650202421
2850;0,483401866
2851;0,503640646
2852;0,544474881
2853;0,371932526
2854;0,545658429
2855;0,360479741
2856;0,440314373
2857;0,443483909
2858;0,320104376
2859;0,493647823
2860;0,303969242
2861;0,437364266
2862;0,401450637
2863;0,334327004
2864;0,497442357
2865;0,315108324
2866;0,492454395
2867;0,419808091
2868;0,414656718
2869;0,554922128
2870;0,39232925
2871;0,600269001
2872;0,497777001
2873;0,553274388
2874;0,660584246
2875;0,530415775
2876;0,753603868
2877;0,626636123
2878;0,73978207
2879;0,807503289
2880;0,717036674
2881;0,94158507
2882;0,799534925
2883;0,961492479
2884;0,983646072
2885;0,940000656
2886;1,149731201
2887;1,001776772
2888;1,202333697
2889;1,177915082
2890;1,184624847
2891;1,364025217
2892;1,221717655
2893;1,44652422
2894;1,376783866
2895;1,433062478
2896;1,56969841
2897;1,443432187
2898;1,676430771
2899;1,566288647
2900;1,668401698
2901;1,753169603
2902;1,650704128
2903;1,875829237
2904;1,733823972
2905;1,873923452
2906;1,901608619
2907;1,83032005
2908;2,030953216
2909;1,867331904
2910;2,035679311
2911;2,003459591
2912;1,967919528
2913;2,131474437
2914;1,956551167
2915;2,142761621
2916;2,052118314
2917;2,055789234
2918;2,168828263
2919;1,995044653
2920;2,184551714
2921;2,042696124
2922;2,084089318
2923;2,140711094
2924;1,979822096
2925;2,158991829
2926;1,975221293
2927;2,051623079
2928;2,044983678
2929;1,908145932
2930;2,064455457
2931;1,851698902
2932;1,956409364
2933;1,888988172
2934;1,78472413
2935;1,906225875
2936;1,677810142
2937;1,805084667
2938;1,678794704
2939;1,614952665
2940;1,693454309
2941;1,464481523
2942;1,603627127
2943;1,42707455
2944;1,407895157
2945;1,436154107
2946;1,2233876
2947;1,362903299
2948;1,148975877
2949;1,173676584
2950;1,14895418
2951;0,966223633
2952;1,097158406
2953;0,859621763
2954;0,925422039
2955;0,850781154
2956;0,709185206
2957;0,820742875
2958;0,575318763
2959;0,678177284
2960;0,555974602
2961;0,465929044
2962;0,550269424
2963;0,31280845
2964;0,444284009
2965;0,283585182
2966;0,250087614
2967;0,299342467
2968;0,087631731
2969;0,237324132
2970;0,047953075
2971;0,072805585
2972;0,084577009
2973;-0,089202852
2974;0,068883014
2975;-0,137520755
2976;-0,056392693
2977;-0,084726953
2978;-0,20809649
2979;-0,053804528
2980;-0,261459668
2981;-0,1313465
2982;-0,197549665
2983;-0,262103085
2984;-0,123465984
2985;-0,318582551
2986;-0,147727781
2987;-0,248665244
2988;-0,250693893
2989;-0,137446969
2990;-0,306753501
2991;-0,108281831
2992;-0,236348245
2993;-0,176219639
2994;-0,096139955
2995;-0,228305669
2996;-0,016040336
2997;-0,161710872
2998;-0,043817324
2999;-0,003562332
3000;-0,090012115
3001;0,121573836
3002;-0,033241298
3003;0,134519393
3004;0,133511192
3005;0,099089014
3006;0,294688889
3007;0,141794428
3008;0,348097696
3009;0,304286122
3010;0,324929026
3011;0,490152075
3012;0,351269625
3013;0,580470703
3014;0,497710673
3015;0,571225329
3016;0,694705012
3017;0,579068688
3018;0,815406695
3019;0,699929249
3020;0,821188799
3021;0,895795897
3022;0,809740394
3023;1,037860831
3024;0,896289958
3025;1,058036702
3026;1,077468064
3027;1,02940621
3028;1,231123829
3029;1,075601759
3030;1,265082102
3031;1,227904173
3032;1,219824267
3033;1,382486751
3034;1,223111347
3035;1,427351982
3036;1,3358736
3037;1,368856697
3038;1,481746165
3039;1,328171459
3040;1,533048378
3041;1,394596641
3042;1,466264515
3043;1,51917008
3044;1,38414252
3045;1,575039855
3046;1,397302197
3047;1,502491964
3048;1,493323104
3049;1,384679581
3050;1,547301152
3051;1,344716881
3052;1,474556457
3053;1,402551477
3054;1,327463216
3055;1,45140462
3056;1,236989242
3057;1,382767972
3058;1,253267775
3059;1,217068318
3060;1,291465153
3061;1,079426305
3062;1,230407192
3063;1,050824992
3064;1,055313667
3065;1,075820177
3066;0,880406268
3067;1,025789524
3068;0,808427772
3069;0,852803793
3070;0,816400349
3071;0,650487559
3072;0,778636334
3073;0,539450926
3074;0,619746335
3075;0,52835614
3076;0,403114283
3077;0,505094434
3078;0,259212616
3079;0,368778154
3080;0,228262141
3081;0,151702619
3082;0,218929688
3083;-0,017435799
3084;0,11392476
3085;-0,066484083
3086;-0,089584269
3087;-0,062151071
3088;-0,274179016
3089;-0,131396735
3090;-0,339498149
3091;-0,309105946
3092;-0,323630909
3093;-0,49565289
3094;-0,352861987
3095;-0,575517989
3096;-0,492448103
3097;-0,549955209
3098;-0,671215574
3099;-0,538142934
3100;-0,759371167
3101;-0,632035579
3102;-0,727860605
3103;-0,790862003
3104;-0,676894936
3105;-0,883931879
3106;-0,72016747
3107;-0,84933976
3108;-0,84876541
3109;-0,763970737
3110;-0,940533077
3111;-0,753213175
3112;-0,905715234
3113;-0,842761168
3114;-0,792903149
3115;-0,928027154
3116;-0,731079148
3117;-0,896668623
3118;-0,776259591
3119;-0,765165377
3120;-0,848235773
3121;-0,655419444
3122;-0,823511846
3123;-0,654551618
3124;-0,682438446
3125;-0,70979814
3126;-0,533748375
3127;-0,692430628
3128;-0,48581376
3129;-0,552341586
3130;-0,52010908
3131;-0,374434482
3132;-0,512850543
3133;-0,28391655
3134;-0,382967916
3135;-0,295457464
3136;-0,189316237
3137;-0,297295927
3138;-0,062851925
3139;-0,187173591
3140;-0,049858743
3141;0,007871617
3142;-0,062225256
3143;0,162616025
3144;0,020762712
3145;0,198811945
3146;0,205959893
3147;0,178226056
3148;0,377613417
3149;0,228057557
3150;0,434494362
3151;0,388464156
3152;0,406003643
3153;0,565800072
3154;0,419189085
3155;0,639506959
3156;0,544903033
3157;0,605830581
3158;0,714714479
3159;0,581930212
3160;0,799924829
3161;0,663226854
3162;0,763288718
3163;0,813604953
3164;0,702887855
3165;0,903692634
3166;0,735118179
3167;0,866752216
3168;0,854379419
3169;0,774330399
3170;0,943386367
3171;0,753091596
3172;0,907748165
3173;0,834418599
3174;0,789707112
3175;0,915098268
3176;0,717432368
3177;0,883588931
3178;0,752883696
3179;0,74643436
3180;0,819356108
3181;0,625806047
3182;0,79163527
3183;0,612524009
3184;0,645340486
3185;0,659570704
3186;0,484924495
3187;0,637159207
3188;0,42288781
3189;0,490635828
3190;0,444752352
3191;0,300445069
3192;0,42903547
3193;0,192132121
3194;0,289851398
3195;0,186925459
3196;0,082702967
3197;0,177669245
3198;-0,064435541
3199;0,055222713
3200;-0,09809324
3201;-0,157388095
3202;-0,103057178
3203;-0,334733428
3204;-0,201191991
3205;-0,396343254
3206;-0,405003047
3207;-0,397370585
3208;-0,603101117
3209;-0,466039525
3210;-0,688349812
3211;-0,647654558
3212;-0,686488827
3213;-0,852525636
3214;-0,722282034
3215;-0,958507817
3216;-0,872072045
3217;-0,955845533
3218;-1,070967177
3219;-0,957477929
3220;-1,190601649
3221;-1,065716124
3222;-1,189329411
3223;-1,24625784
3224;-1,158076221
3225;-1,372801982
3226;-1,217808896
3227;-1,372562798
3228;-1,36920009
3229;-1,313003517
3230;-1,494736864
3231;-1,321980609
3232;-1,497435876
3233;-1,433527503
3234;-1,414332172
3235;-1,550446361
3236;-1,371151122
3237;-1,557001153
3238;-1,436511359
3239;-1,455586668
3240;-1,537943414
3241;-1,36619904
3242;-1,548363536
3243;-1,381742472
3244;-1,437730051
3245;-1,460198441
3246;-1,307360223
3247;-1,473830765
3248;-1,271677259
3249;-1,362057853
3250;-1,322552222
3251;-1,200048754
3252;-1,339497283
3253;-1,116697885
3254;-1,233977157
3255;-1,136914811
3256;-1,053299931
3257;-1,156383119
3258;-0,928321943
3259;-1,064112217
3260;-0,915371911
3261;-0,876908642
3262;-0,935168224
3263;-0,717918023
3264;-0,863852572
3265;-0,673448066
3266;-0,682505017
3267;-0,692790869
3268;-0,501635285
3269;-0,647014282
3270;-0,428703627
3271;-0,485333183
3272;-0,446291131
3273;-0,294130464
3274;-0,428443632
3275;-0,198022182
3276;-0,296743717
3277;-0,211265619
3278;-0,110280655
3279;-0,223861694
3280;0,002728113
3281;-0,131702694
3282;-0,006309081
3283;0,03856815
3284;-0,047418274
3285;0,160232172
3286;-0,000349295
3287;0,156586618
3288;0,140432755
3289;0,089115309
3290;0,262576721
3291;0,085743438
3292;0,263474418
3293;0,188964794
3294;0,174890185
3295;0,302342439
3296;0,122153553
3297;0,307892751
3298;0,178495652
3299;0,202872329
3300;0,274457132
3301;0,103294751
3302;0,283849281
3303;0,107947248
3304;0,169239554
3305;0,180055164
3306;0,02972111
3307;0,191282555
3308;-0,017591621
3309;0,074812237
3310;0,023564202
3311;-0,095985059
3312;0,03516991
3313;-0,19319074
3314;-0,076076862
3315;-0,186024949
3316;-0,266938031
3317;-0,176769597
3318;-0,408861844
3319;-0,27571613
3320;-0,438248294
3321;-0,475159004
3322;-0,432037449
3323;-0,652792274
3324;-0,51448511
3325;-0,717826148
3326;-0,709258691
3327;-0,717104191
3328;-0,911683833
3329;-0,778176462
3330;-1,008818379
3331;-0,956492255
3332;-1,015284665
3333;-1,171402335
3334;-1,051163075
3335;-1,294921234
3336;-1,202864489
3337;-1,30923334
3338;-1,416202499
3339;-1,320473523
3340;-1,559396149
3341;-1,435405993
3342;-1,582162075
3343;-1,632669647
3344;-1,568677773
3345;-1,787985016
3346;-1,639948483
3347;-1,819083465
3348;-1,810426476
3349;-1,781680912
3350;-1,967021427
3351;-1,806618254
3352;-2,004568245
3353;-1,938673672
3354;-1,949171046
3355;-2,087161387
3356;-1,926397373
3357;-2,130475489
3358;-2,012012652
3359;-2,061844007
3360;-2,142489525
3361;-1,993623685
3362;-2,189576099
3363;-2,027471138
3364;-2,112479285
3365;-2,131450729
3366;-2,004494863
3367;-2,179514126
3368;-1,985096529
3369;-2,100566943
3370;-2,056638384
3371;-1,960911726
3372;-2,103229515
3373;-1,890127376
3374;-2,027424947
3375;-1,924214595
3376;-1,867366217
3377;-1,966159968
3378;-1,750074939
3379;-1,899836766
3380;-1,744147393
3381;-1,728705603
3382;-1,77794148
3383;-1,574049292
3384;-1,726495691
3385;-1,529084568
3386;-1,557742215
3387;-1,553792307
3388;-1,375567274
3389;-1,519302043
3390;-1,295032598
3391;-1,364017025
3392;-1,307364704
3393;-1,16853777
3394;-1,29263635
3395;-1,05670038
3396;-1,16290032
3397;-1,05672036
3398;-0,966194304
3399;-1,063273382
3400;-0,832000511
3401;-0,966199621
3402;-0,818263609
3403;-0,782396718
3404;-0,845240885
3405;-0,635492163
3406;-0,789729654
3407;-0,609780633
3408;-0,631184044
3409;-0,655986948
3410;-0,480969364
3411;-0,64337729
3412;-0,445703722
3413;-0,522556698
3414;-0,506319213
3415;-0,379738194
3416;-0,539958214
3417;-0,337017361
3418;-0,46426187
3419;-0,409567236
3420;-0,339435511
3421;-0,485903146
3422;-0,2925824
3423;-0,461857717
3424;-0,371909507
3425;-0,363318266
3426;-0,486664017
3427;-0,316797866
3428;-0,516334951
3429;-0,398146238
3430;-0,452651071
3431;-0,544230895
3432;-0,409137918
3433;-0,626349272
3434;-0,487318942
3435;-0,602572043
3436;-0,655169297
3437;-0,566409245
3438;-0,785121927
3439;-0,636782582
3440;-0,80423104
3441;-0,816213524
3442;-0,779602701
3443;-0,984635099
3444;-0,838542716
3445;-1,046147244
3446;-1,017294085
3447;-1,03620593
3448;-1,215534918
3449;-1,081327743
3450;-1,316362328
3451;-1,248766616
3452;-1,322637746
3453;-1,463465977
3454;-1,352142095
3455;-1,598340659
3456;-1,497464609
3457;-1,621530751
3458;-1,715314923
3459;-1,634472629
3460;-1,876124276
3461;-1,749081792
3462;-1,916293223
3463;-1,955816067
3464;-1,913802598
3465;-2,132686694
3466;-1,991273517
3467;-2,189205819
3468;-2,173721988
3469;-2,172002705
3470;-2,355848511
3471;-2,208984264
3472;-2,425526254
3473;-2,356436798
3474;-2,395623338
3475;-2,532006414
3476;-2,390091499
3477;-2,610656638
3478;-2,4930873
3479;-2,572833028
3480;-2,651212153
3481;-2,525687463
3482;-2,734844827
3483;-2,577725077
3484;-2,692600849
3485;-2,708706124
3486;-2,608425727
3487;-2,79268886
3488;-2,607444109
3489;-2,748018778
3490;-2,701633568
3491;-2,634810139
3492;-2,780237146
3493;-2,581064521
3494;-2,738793566
3495;-2,633096615
3496;-2,60394751
3497;-2,701932321
3498;-2,501986785
3499;-2,66639773
3500;-2,508266311
3501;-2,519227986
3502;-2,562641939
3503;-2,376376706
3504;-2,536284404
3505;-2,33733365
3506;-2,387585773
3507;-2,373388113
3508;-2,212869355
3509;-2,356720933
3510;-2,132017335
3511;-2,218018084
3512;-2,147110244
3513;-2,024566961
3514;-2,142203216
3515;-1,906389377
3516;-2,021852317
3517;-1,899600229
3518;-1,824472042
3519;-1,906886517
3520;-1,676506761
3521;-1,813544149
3522;-1,648402763
3523;-1,623931444
3524;-1,667258571
3525;-1,457480703
3526;-1,607271363
3527;-1,409865342
3528;-1,438914572
3529;-1,437982667
3530;-1,266074192
3531;-1,416308931
3532;-1,201470604
3533;-1,281374332
3534;-1,237308665
3535;-1,113564751
3536;-1,254333265
3537;-1,036707403
3538;-1,162713975
3539;-1,078382388
3540;-1,011039902
3541;-1,133682285
3542;-0,928733896
3543;-1,091401237
3544;-0,972548923
3545;-0,967289249
3546;-1,062432341
3547;-0,88411642
3548;-1,072921665
3549;-0,928383372
3550;-0,985394491
3551;-1,046691142
3552;-0,908812804
3553;-1,109384128
3554;-0,949690919
3555;-1,065457294
3556;-1,088798838
3557;-1,000625168
3558;-1,200549054
3559;-1,037688945
3560;-1,20399741
3561;-1,188243009
3562;-1,157302408
3563;-1,342327364
3564;-1,187300554
3565;-1,393882588
3566;-1,340740929
3567;-1,368144188
3568;-1,52629479
3569;-1,390749998
3570;-1,623917893
3571;-1,537408806
3572;-1,623670818
3573;-1,744075869
3574;-1,638270516
3575;-1,881595456
3576;-1,768662812
3577;-1,907117857
3578;-1,982361069
3579;-1,915097813
3580;-2,152237434
3581;-2,02174647
3582;-2,203399792
3583;-2,229213894
3584;-2,204034894
3585;-2,419040242
3586;-2,281191016
3587;-2,494650453
3588;-2,469003913
3589;-2,490338768
3590;-2,668959726
3591;-2,53317568
3592;-2,763559937
3593;-2,69013331
3594;-2,756692132
3595;-2,88649255
3596;-2,763464026
3597;-2,996547339
3598;-2,879761698
3599;-2,986477303
3600;-3,060469294
3601;-2,959989222
3602;-3,178104739
3603;-3,02812819
3604;-3,168740241
3605;-3,181872538
3606;-3,109807209
3607;-3,299653238
3608;-3,12658363
3609;-3,292685788
3610;-3,243041338
3611;-3,206326077
3612;-3,354705656
3613;-3,171603083
3614;-3,350862376
3615;-3,243843478
3616;-3,244823026
3617;-3,341947152
3618;-3,160453447
3619;-3,34099751
3620;-3,183867883
3621;-3,223271104
3622;-3,261826243
3623;-3,097296879
3624;-3,266183925
3625;-3,070153711
3626;-3,145646988
3627;-3,123355819
3628;-2,985507492
3629;-3,131488287
3630;-2,910302454
3631;-3,016137523
3632;-2,934484834
3633;-2,834035643
3634;-2,947347964
3635;-2,716718962
3636;-2,844946307
3637;-2,709819856
3638;-2,653409219
3639;-2,724972406
3640;-2,501451847
3641;-2,643012747
3642;-2,464876762
3643;-2,456347911
3644;-2,482181782
3645;-2,279462348
3646;-2,426172751
3647;-2,21578842
3648;-2,255513564
3649;-2,232911176
3650;-2,067451321
3651;-2,206659624
3652;-1,979561664
3653;-2,066053258
3654;-1,996741731
3655;-1,87812347
3656;-2,001664276
3657;-1,772861462
3658;-1,89922614
3659;-1,787873339
3660;-1,726094013
3661;-1,824018695
3662;-1,610717263
3663;-1,766364257
3664;-1,62179151
3665;-1,619853344
3666;-1,68693522
3667;-1,503163965
3668;-1,679416504
3669;-1,509706852
3670;-1,568684084
3671;-1,599497919
3672;-1,458540699
3673;-1,642587767
3674;-1,461244148
3675;-1,577076689
3676;-1,569483927
3677;-1,48156114
3678;-1,660111249
3679;-1,480156675
3680;-1,645223378
3681;-1,599854589
3682;-1,571510315
3683;-1,732717093
3684;-1,566910844
3685;-1,769316592
3686;-1,690272787
3687;-1,723491965
3688;-1,856837082
3689;-1,717292791
3690;-1,944099964
3691;-1,837012785
3692;-1,930505328
3693;-2,026482186
3694;-1,924230427
3695;-2,159143713
3696;-2,031757265
3697;-2,179069068
3698;-2,23341964
3699;-2,174553828
3700;-2,402129436
3701;-2,264714224
3702;-2,45653992
3703;-2,464188114
3704;-2,454196089
3705;-2,659290784
3706;-2,522871153
3707;-2,746380561
3708;-2,707676229
3709;-2,747682675
3710;-2,916919373
3711;-2,791075763
3712;-3,030117572
3713;-2,949074303
3714;-3,038046561
3715;-3,159805155
3716;-3,053407622
3717;-3,294137038
3718;-3,176263381
3719;-3,307563898
3720;-3,374339775
3721;-3,2955321
3722;-3,520181764
3723;-3,375395826
3724;-3,541444209
3725;-3,548788272
3726;-3,504629182
3727;-3,698238241
3728;-3,53693884
3729;-3,725170924
3730;-3,673763073
3731;-3,667087361
3732;-3,816505722
3733;-3,650287094
3734;-3,849363141
3735;-3,742273171
3736;-3,774708922
3737;-3,870197535
3738;-3,710860073
3739;-3,906828596
3740;-3,752700025
3741;-3,821565818
3742;-3,857110915
3743;-3,716037817
3744;-3,895388826
3745;-3,704999694
3746;-3,806355835
3747;-3,778726452
3748;-3,667051632
3749;-3,816867323
3750;-3,60392963
3751;-3,73058631
3752;-3,642895829
3753;-3,567451571
3754;-3,677827791
3755;-3,45710428
3756;-3,600141089
3757;-3,458176369
3758;-3,425291313
3759;-3,487913617
3760;-3,275013465
3761;-3,425153276
3762;-3,237843611
3763;-3,248926155
3764;-3,260750112
3765;-3,070950823
3766;-3,215821166
3767;-2,997833513
3768;-3,052949278
3769;-3,012013784
3770;-2,857373017
3771;-2,98883204
3772;-2,753403722
3773;-2,848053336
3774;-2,757538096
3775;-2,649226354
3776;-2,757025811
3777;-2,522586747
3778;-2,649347767
3779;-2,515388051
3780;-2,461275678
3781;-2,537597563
3782;-2,31918917
3783;-2,469710637
3784;-2,301559881
3785;-2,305937947
3786;-2,344958099
3787;-2,159081134
3788;-2,322368819
3789;-2,131565574
3790;-2,193217612
3791;-2,192733537
3792;-2,051862178
3793;-2,217309038
3794;-2,01697871
3795;-2,131373624
3796;-2,092631325
3797;-2,005583186
3798;-2,160747168
3799;-1,966013912
3800;-2,126054727
3801;-2,050079647
3802;-2,024534443
3803;-2,160373296
3804;-1,984294857
3805;-2,177938869
3806;-2,071200694
3807;-2,109229113
3808;-2,214952362
3809;-2,070358809
3810;-2,285526632
3811;-2,155858143
3812;-2,253817283
3813;-2,323530741
3814;-2,221267676
3815;-2,443060426
3816;-2,299927306
3817;-2,451764673
3818;-2,479783781
3819;-2,42772169
3820;-2,640454213
3821;-2,4945438
3822;-2,691188165
3823;-2,677021932
3824;-2,679379577
3825;-2,869127007
3826;-2,731094676
3827;-2,958459645
3828;-2,903826371
3829;-2,959964835
3830;-3,11433186
3831;-2,994242888
3832;-3,238406663
3833;-3,146768134
3834;-3,254531805
3835;-3,362736769
3836;-3,270793894
3837;-3,513572507
3838;-3,392431858
3839;-3,544967691
3840;-3,600963149
3841;-3,542840038
3842;-3,768091107
3843;-3,627947
3844;-3,814490336
3845;-3,814228479
3846;-3,795096855
3847;-3,988508419
3848;-3,838225762
3849;-4,046850331
3850;-3,991425856
3851;-4,013318999
3852;-4,161687565
3853;-4,012825323
3854;-4,229237538
3855;-4,122850405
3856;-4,18441083
3857;-4,277885774
3858;-4,141853896
3859;-4,351316172
3860;-4,201691485
3861;-4,299232513
3862;-4,331311003
3863;-4,217243113
3864;-4,406375187
3865;-4,22351994
3866;-4,351533554
3867;-4,32118825
3868;-4,236955275
3869;-4,391261993
3870;-4,190426755
3871;-4,339034824
3872;-4,247324164
3873;-4,200846331
3874;-4,309622834
3875;-4,103568698
3876;-4,262887362
3877;-4,116451933
3878;-4,110040284
3879;-4,167171627
3880;-3,970325343
3881;-4,12939445
3882;-3,938928861
3883;-3,973450548
3884;-3,974505191
3885;-3,801206181
3886;-3,948101339
3887;-3,726919153
3888;-3,798713546
3889;-3,743550407
3890;-3,605541183
3891;-3,730466403
3892;-3,494235327
3893;-3,600014245
3894;-3,491837605
3895;-3,398062739
3896;-3,492628807
3897;-3,257035258
3898;-3,388220399
3899;-3,23497363
3900;-3,1925006
3901;-3,249337336
3902;-3,0318225
3903;-3,177722177
3904;-2,99071331
3905;-3,002432832
3906;-3,017675918
3907;-2,832120267
3908;-2,984410388
3909;-2,775244857
3910;-2,84090478
3911;-2,811885513
3912;-2,672798485
3913;-2,819740647
3914;-2,603894778
3915;-2,717745508
3916;-2,648687101
3917;-2,563968099
3918;-2,696324887
3919;-2,488392878
3920;-2,642875705
3921;-2,537341024
3922;-2,51340871
3923;-2,621853236
3924;-2,435888796
3925;-2,620363528
3926;-2,487045305
3927;-2,526140609
3928;-2,60248483
3929;-2,452660631
3930;-2,654800003
3931;-2,50188507
3932;-2,601524811
3933;-2,640261506
3934;-2,53842408
3935;-2,742497161
3936;-2,582018847
3937;-2,736272258
3938;-2,735374214
3939;-2,686951482
3940;-2,881624759
3941;-2,723965126
3942;-2,922092793
3943;-2,882728505
3944;-2,892594225
3945;-3,063087185
3946;-2,920412902
3947;-3,148118664
3948;-3,073577671
3949;-3,141226648
3950;-3,276645825
3951;-3,160509782
3952;-3,4024238
3953;-3,298101558
3954;-3,420026041
3955;-3,510642689
3956;-3,428954042
3957;-3,669586828
3958;-3,543044388
3959;-3,710488208
3960;-3,752182008
3961;-3,71080673
3962;-3,933588471
3963;-3,795484384
3964;-3,99739302
3965;-3,987445152
3966;-3,990710443
3967;-4,180546976
3968;-4,040024117
3969;-4,263708478
3970;-4,202193128
3971;-4,249611101
3972;-4,394314622
3973;-4,262535946
3974;-4,491864655
3975;-4,384535284
3976;-4,475132593
3977;-4,563654343
3978;-4,450098687
3979;-4,670524922
3980;-4,52530665
3981;-4,651354493
3982;-4,679604855
3983;-4,592205949
3984;-4,788422549
3985;-4,616207166
3986;-4,770225348
3987;-4,736116893
3988;-4,682129841
3989;-4,840551896
3990;-4,653413471
3991;-4,823986497
3992;-4,730516677
3993;-4,713910268
3994;-4,822488751
3995;-4,634543435
3996;-4,810941841
3997;-4,663555327
3998;-4,685726953
3999;-4,739435042
4000;-4,562829609
4001;-4,732384801
4002;-4,542922547
4003;-4,60213034
4004;-4,595486704
4005;-4,44301456
4006;-4,593714509
4007;-4,375337865
4008;-4,467505297
4009;-4,401562104
4010;-4,284282747
4011;-4,405096799
4012;-4,173004258
4013;-4,291163556
4014;-4,170841077
4015;-4,096331186
4016;-4,18011789
4017;-3,949019161
4018;-4,085575883
4019;-3,919011431
4020;-3,89257739
4021;-3,932553955
4022;-3,720154778
4023;-3,864959029
4024;-3,662827056
4025;-3,686458476
4026;-3,679080456
4027;-3,49900827
4028;-3,641628373
4029;-3,418834374
4030;-3,490508992
4031;-3,436838603
4032;-3,302910162
4033;-3,433258176
4034;-3,204088239
4035;-3,318762227
4036;-3,222699315
4037;-3,142016058
4038;-3,251599331
4039;-3,0336407
4040;-3,18198023
4041;-3,049505457
4042;-3,029937035
4043;-3,110407783
4044;-2,917227846
4045;-3,091072762
4046;-2,931472327
4047;-2,97250114
4048;-3,017776448
4049;-2,864749715
4050;-3,050072624
4051;-2,874365503
4052;-2,974994936
4053;-2,982852035
4054;-2,879437947
4055;-3,064331011
4056;-2,885269213
4057;-3,03774826
4058;-3,007412254
4059;-2,961381202
4060;-3,133252758
4061;-2,963688254
4062;-3,157753854
4063;-3,091414781
4064;-3,106853648
4065;-3,253592599
4066;-3,106504352
4067;-3,327971252
4068;-3,230702703
4069;-3,307408984
4070;-3,418024629
4071;-3,303739029
4072;-3,538973994
4073;-3,418578912
4074;-3,549666384
4075;-3,619420273
4076;-3,545461914
4077;-3,777792066
4078;-3,643234171
4079;-3,821939249
4080;-3,84451376
4081;-3,818151114
4082;-4,031826911
4083;-3,893064348
4084;-4,10648242
4085;-4,081216529
4086;-4,104318438
4087;-4,284736113
4088;-4,152217786
4089;-4,385536964
4090;-4,316303057
4091;-4,387179842
4092;-4,522811165
4093;-4,405860416
4094;-4,645322209
4095;-4,535289574
4096;-4,650169732
4097;-4,732421619
4098;-4,639393757
4099;-4,867228447
4100;-4,726824576
4101;-4,877393011
4102;-4,900626415
4103;-4,839287904
4104;-5,040363875
4105;-4,878622634
4106;-5,055617883
4107;-5,018531404
4108;-4,994090318
4109;-5,154719396
4110;-4,9833732
4111;-5,174694014
4112;-5,080495923
4113;-5,094211823
4114;-5,203599601
4115;-5,034416164
4116;-5,227349543
4117;-5,082561767
4118;-5,134414968
4119;-5,184584241
4120;-5,030774751
4121;-5,212235285
4122;-5,026636682
4123;-5,113052363
4124;-5,1007065
4125;-4,973467584
4126;-5,129004725
4127;-4,917319728
4128;-5,030789068
4129;-4,958502622
4130;-4,865410566
4131;-4,985273868
4132;-4,761520393
4133;-4,895783641
4134;-4,766729758
4135;-4,71535181
4136;-4,791151056
4137;-4,569972498
4138;-4,715131602
4139;-4,538482793
4140;-4,532639055
4141;-4,558585367
4142;-4,356536719
4143;-4,50168597
4144;-4,290058688
4145;-4,328610798
4146;-4,303180658
4147;-4,133667792
4148;-4,269983537
4149;-4,038089878
4150;-4,118394779
4151;-4,043016659
4152;-3,917737623
4153;-4,033297497
4154;-3,797083566
4155;-3,914442743
4156;-3,793527755
4157;-3,721204777
4158;-3,809202951
4159;-3,584736309
4160;-3,730130841
4161;-3,572921593
4162;-3,558917304
4163;-3,611896224
4164;-3,414771435
4165;-3,577323855
4166;-3,394147156
4167;-3,43908423
4168;-3,454389243
4169;-3,299012659
4170;-3,467185601
4171;-3,27136935
4172;-3,371678159
4173;-3,347498056
4174;-3,244526924
4175;-3,407219302
4176;-3,211132083
4177;-3,359910581
4178;-3,299389511
4179;-3,255452737
4180;-3,401467439
4181;-3,220310734
4182;-3,407518318
4183;-3,312633406
4184;-3,331690768
4185;-3,450762133
4186;-3,297579038
4187;-3,509533246
4188;-3,389136941
4189;-3,469303426
4190;-3,553504917
4191;-3,438636273
4192;-3,661998303
4193;-3,523512126
4194;-3,661337955
4195;-3,704870158
4196;-3,636209
4197;-3,855583161
4198;-3,709859857
4199;-3,894694472
4200;-3,895086153
4201;-3,879207153
4202;-4,078550712
4203;-3,937374034
4204;-4,156398366
4205;-4,11426039
4206;-4,151954297
4207;-4,318857369
4208;-4,190563326
4209;-4,430266871
4210;-4,348662937
4211;-4,438672516
4212;-4,561692504
4213;-4,457249087
4214;-4,700688167
4215;-4,586318566
4216;-4,721930367
4217;-4,792936379
4218;-4,719835715
4219;-4,950521291
4220;-4,811966126
4221;-4,984561891
4222;-4,999746834
4223;-4,96320216
4224;-5,166243709
4225;-5,013370061
4226;-5,211603162
4227;-5,169095994
4228;-5,172833803
4229;-5,333392123
4230;-5,178051709
4231;-5,387840457
4232;-5,292409707
4233;-5,336419512
4234;-5,44418219
4235;-5,296738847
4236;-5,504820083
4237;-5,363230047
4238;-5,443470893
4239;-5,491466588
4240;-5,363545372
4241;-5,55400708
4242;-5,376571822
4243;-5,489682396
4244;-5,473148467
4245;-5,374000443
4246;-5,535244449
4247;-5,333339577
4248;-5,469973426
4249;-5,392165598
4250;-5,3275417
4251;-5,448292197
4252;-5,236457267
4253;-5,387842368
4254;-5,253820265
4255;-5,22865426
4256;-5,299292207
4257;-5,093456956
4258;-5,249752854
4259;-5,068543711
4260;-5,084386104
4261;-5,100431566
4262;-4,913647919
4263;-5,062229244
4264;-4,846849499
4265;-4,903314222
4266;-4,863481578
4267;-4,708885765
4268;-4,840023398
4269;-4,604803252
4270;-4,697118287
4271;-4,604029499
4272;-4,493261884
4273;-4,59691476
4274;-4,357954025
4275;-4,478915764
4276;-4,338621455
4277;-4,278314848
4278;-4,347990332
4279;-4,121992097
4280;-4,264277586
4281;-4,085897688
4282;-4,080567532
4283;-4,109724955
4284;-3,912029285
4285;-4,064999616
4286;-3,861823654
4287;-3,911109793
4288;-3,897896705
4289;-3,743276546
4290;-3,895429028
4291;-3,680711655
4292;-3,781262869
4293;-3,727377741
4294;-3,625149028
4295;-3,766052725
4296;-3,555995312
4297;-3,70033242
4298;-3,608592018
4299;-3,566989103
4300;-3,685885953
4301;-3,494424078
4302;-3,67204027
4303;-3,549105962
4304;-3,570631462
4305;-3,661069081
4306;-3,501013445
4307;-3,700482302
4308;-3,555532999
4309;-3,638578806
4310;-3,692350008
4311;-3,576136138
4312;-3,784077206
4313;-3,626673143
4314;-3,766029672
4315;-3,780764373
4316;-3,715682862
4317;-3,917287993
4318;-3,759205346
4319;-3,944573431
4320;-3,919757119
4321;-3,911947953
4322;-4,092474106
4323;-3,945775289
4324;-4,165711473
4325;-4,102690673
4326;-4,151566999
4327;-0,00040537
4328;0,00015855
4329;0,000357558
4330;1,13579E-05
4331;0,000332564
4332;0,000240485
4333;0,000107942
4334;-6,18841E-05
4335;-2,08642E-05
4336;0,000444213
4337;-0,000459038
4338;-0,000147828
4339;5,7528E-05
4340;0,000183948
4341;7,69907E-06
4342;-0,000371836
4343;-0,000296788
4344;0,000255337
4345;0,000183825
4346;0,000141028
4347;0,000483753
4348;0,000331121
4349;0,000334437
4350;-0,000363718
4351;-0,000370681
4352;-0,000447904
4353;-0,000395617
4354;0,000217686
4355;0,000317138
4356;0,000338596
4357;-0,000419439
4358;7,03708E-06
4359;0,000402314
4360;0,000355867
4361;-0,000492367
4362;-0,00040159
4363;-0,000212492
4364;0,000330607
4365;0,000198893
4366;-0,000103185
4367;0,000274381
4368;-0,000110232
4369;-0,000110817
4370;-0,000282002
4371;0,0004249
4372;-0,000457324
4373;-0,000249084
4374;0,000267399
4375;0,000164415
4376;1,1211E-05
4377;0,000435902
4378;-1,93579E-05
4379;-0,00028695
4380;-0,000471527
4381;0,000365578
4382;0,000228126
4383;0,00048918
4384;0,00011078
4385;-0,000116993
4386;0,000175358
4387;-0,000264078
4388;9,51873E-05
4389;-0,000365024
4390;0,000188103
4391;0,000288377
4392;0,000314121
4393;-8,2597E-05
4394;-0,000451574
4395;-0,000296658
4396;0,000286663
4397;0,000130455
4398;-0,00017784
4399;0,000348057
4400;-0,000281656
4401;-0,000211456
4402;0,000134572
4403;4,80819E-05
4404;-0,000100364
4405;-0,000296445
4406;0,000338654
4407;-0,000421861
4408;-1,76246E-05
4409;-0,000472809
4410;0,000140799
4411;0,000344319
4412;0,000382055
4413;-4,21862E-05
4414;-0,000357534
4415;-0,000465632
4416;0,000141712
4417;-0,00017654
4418;0,000128491
4419;0,000172326
4420;0,000472848
4421;0,000380015
4422;5,61881E-05
4423;9,39607E-06
4424;0,000356083
4425;6,54995E-05
4426;-0,000303593
4427;0,00039418
4428;0,000121955
4429;0,000116339
4430;-0,000294036
4431;0,000189481
4432;-5,29154E-05
4433;-0,000161249
4434;2,7409E-05
4435;-0,000369746
4436;0,000370054
4437;-6,01833E-05
4438;-3,37722E-05
4439;0,000197075
4440;-0,000334525
4441;0,000357391
4442;-0,00046598
4443;-5,84471E-05
4444;-0,000292834
4445;0,000145044
4446;0,000397545
4447;0,000295509
4448;0,000189314
4449;-0,000270809
4450;-9,24898E-05
4451;-0,000393361
4452;-0,000315664
4453;3,42012E-05
4454;-0,000147022
4455;0,000306913
4456;-0,00031997
4457;0,000133853
4458;0,000417319
4459;0,000125641
4460;-7,86926E-05
4461;-0,000299939
4462;-0,00015547
4463;9,02328E-05
4464;-0,000104614
4465;-0,000448015
4466;0,00019473
4467;0,000406155
4468;-0,000172268
4469;0,000128111
4470;0,000235183
4471;-0,000447591
4472;0,000292998
4473;-7,53031E-05
4474;0,000463464
4475;0,000126254
4476;0,000227197
4477;0,000226403
4478;-1,10358E-05
4479;-0,000279419
4480;-0,000120949
4481;0,000188468
4482;-3,03526E-05
4483;0,000319964
4484;-5,77172E-05
4485;-7,76488E-05
4486;-0,000481781
4487;-0,00028158
4488;-2,6823E-05
4489;-0,000212975
4490;-0,000278968
4491;-0,000364276
4492;0,000143207
4493;0,000111583
4494;-0,000286095
4495;-0,000494922
4496;-0,000370243
4497;-0,000313822
4498;-0,000211472
4499;0,00013481
4500;-0,000193786
4501;0,00011714
4502;0,000166416
4503;0,000169575
4504;0,000348826
4505;-0,000287276
4506;0,000257729
4507;0,000390157
4508;0,000162882
4509;-0,000314371
4510;-0,000415165
4511;-0,000281483
4512;0,000419214
4513;-0,000409066
4514;9,94001E-05
4515;0,000393592
4516;-0,000353135
4517;-0,000261007
4518;0,000207859
4519;1,45803E-05
4520;0,000178966
4521;-0,000101002
4522;0,000317703
4523;4,31652E-05
4524;0,000223085
4525;0,00019684
4526;-9,54657E-05
4527;0,000340556
4528;-0,000394701
4529;8,57014E-05
4530;0,000252744
4531;0,000285438
4532;-0,000464645
4533;-0,000369547
4534;0,000222698
4535;7,79578E-05
4536;-8,98033E-05
4537;7,25915E-05
4538;6,9818E-05
4539;0,000152574
4540;-0,000235239
4541;0,00014336
4542;0,000191454
4543;0,000474461
4544;-0,000208581
4545;0,00033358
4546;0,000452273
4547;0,000452347
4548;0,000480605
4549;0,000342431
4550;-0,000279622
4551;8,38582E-05
4552;-0,000151906
4553;-0,000379808
4554;-0,000279252
4555;-0,000289008
4556;0,000275409
4557;-0,000321439
4558;0,000365827
4559;-0,000391046
4560;-0,000337593
4561;8,68305E-05
4562;-0,000307013
4563;-0,000179996
4564;-0,000430068
4565;-0,000243414
4566;-4,076417905
4567;-4,17491118
4568;-4,047703798
4569;-4,271288891
4570;-4,138943803
4571;-4,259379992
4572;-4,318296864
4573;-4,235223324
4574;-4,457988674
4575;-4,314430368
4576;-4,484831813
4577;-4,500189068
4578;-4,467471556
4579;-4,675265326
4580;-4,530184573
4581;-4,739673203
4582;-4,711094235
4583;-4,729595154
4584;-4,908507879
4585;-4,772949939
4586;-5,005894164
4587;-4,936214977
4588;-5,007277169
4589;-5,143755857
4590;-5,028283674
4591;-5,26927265
4592;-5,163535247
4593;-5,281782314
4594;-5,367569306
4595;-5,279764252
4596;-5,513449623
4597;-5,377882216
4598;-5,536145481
4599;-5,565982936
4600;-5,512704778
4601;-5,722173618
4602;-5,568589779
4603;-5,7542948
4604;-5,727212957
4605;-5,712031674
4606;-5,882386785
4607;-5,721250375
4608;-5,924153735
4609;-5,841033116
4610;-5,865224859
4611;-5,986035602
4612;-5,828818238
4613;-6,033894655
4614;-5,900247579
4615;-5,9638713
4616;-6,025985516
4617;-5,884311752
4618;-6,076439648
4619;-5,903252252
4620;-6,000450613
4621;-6,000006062
4622;-5,883147942
4623;-6,050534287
4624;-5,84835025
4625;-5,973479789
4626;-5,910163962
4627;-5,826495993
4628;-5,95625341
4629;-5,740878068
4630;-5,88381737
4631;-5,761997065
4632;-5,718366538
4633;-5,801430439
4634;-5,586331086
4635;-5,737347021
4636;-5,566520853
4637;-5,563500725
4638;-5,594562593
4639;-5,395465733
4640;-5,544154682
4641;-5,334269211
4642;-5,373348445
4643;-5,349298523
4644;-5,179349949
4645;-5,314961454
4646;-5,080780715
4647;-5,159615966
4648;-5,080632323
4649;-4,952517721
4650;-5,064529106
4651;-4,822443096
4652;-4,934191276
4653;-4,806626536
4654;-4,728280521
4655;-4,807829836
4656;-4,575713961
4657;-4,711027649
4658;-4,544644761
4659;-4,519974358
4660;-4,562671059
4661;-4,355155958
4662;-4,505714373
4663;-4,310319995
4664;-4,341668998
4665;-4,343424127
4666;-4,17445754
4667;-4,328628917
4668;-4,118414059
4669;-4,203019298
4670;-4,16479738
4671;-4,045835253
4672;-4,192679208
4673;-3,981517075
4674;-4,114501568
4675;-4,036388544
4676;-3,976337473
4677;-4,105835032
4678;-3,908432067
4679;-4,07906675
4680;-3,968920363
4681;-3,970803373
4682;-4,073288233
4683;-3,904336502
4684;-4,101041085
4685;-3,963829761
4686;-4,028955295
4687;-4,097885069
4688;-3,967863725
4689;-4,177258498
4690;-4,024974957
4691;-4,147434256
4692;-4,17761378
4693;-4,096701708
4694;-4,303732757
4695;-4,145943506
4696;-4,319105632
4697;-4,308901905
4698;-4,281691839
4699;-4,472308197
4700;-4,321384503
4701;-4,532159092
4702;-4,481400905
4703;-4,512343222
4704;-4,67323711
4705;-4,539354794
4706;-4,772888762
4707;-4,686931874
4708;-4,77309296
4709;-4,8928937
4710;-4,786317434
4711;-5,027701435
4712;-4,912525415
4713;-5,047946757
4714;-5,119845185
4715;-5,047706844
4716;-5,279371118
4717;-5,1433346
4718;-5,318962436
4719;-5,338516778
4720;-5,306185436
4721;-5,513679297
4722;-5,366428814
4723;-5,57067864
4724;-5,534825499
4725;-5,546457764
4726;-5,713651049
4727;-5,566494337
4728;-5,785152486
4729;-5,699194387
4730;-5,752210956
4731;-5,869863122
4732;-5,732490695
4733;-5,950699507
4734;-5,819500889
4735;-5,911584084
4736;-5,970890575
4737;-5,853636531
4738;-6,056100296
4739;-5,889708116
4740;-6,014020419
4741;-6,010403355
4742;-5,922362463
4743;-6,095044119
4744;-5,90461527
4745;-6,052871941
4746;-5,987286341
4747;-5,93295038
4748;-6,064516493
4749;-5,863489211
4750;-6,025831311
4751;-5,902094418
4752;-5,886565116
4753;-5,966340256
4754;-5,769904762
4755;-5,933731737
4756;-5,761259469
4757;-5,784822818
4758;-5,808557961
4759;-5,62830048
4760;-5,783211416
4761;-5,572128413
4762;-5,633938284
4763;-5,597803402
4764;-5,447822164
4765;-5,581607255
4766;-5,348507171
4767;-5,442512329
4768;-5,350146542
4769;-5,240037789
4770;-5,342649402
4771;-5,102598406
4772;-5,222659695
4773;-5,079653058
4774;-5,016834866
4775;-5,081699518
4776;-4,850858242
4777;-4,987773951
4778;-4,804712816
4779;-4,791826907
4780;-4,814063927
4781;-4,608802291
4782;-4,7525995
4783;-4,540145158
4784;-4,578897543
4785;-4,556033879
4786;-4,389808656
4787;-4,530566752
4788;-4,304830412
4789;-4,391686159
4790;-4,32504067
4791;-4,209713239
4792;-4,336519623
4793;-4,111861122
4794;-4,241323909
4795;-4,134762977
4796;-4,077274726
4797;-4,181421944
4798;-3,973163102
4799;-4,135784583
4800;-3,99706338
4801;-4,001546095
4802;-4,074893394
4803;-3,898976697
4804;-4,081744376
4805;-3,921033901
4806;-3,987189489
4807;-4,025324347
4808;-3,891977211
4809;-4,083463332
4810;-3,910782126
4811;-4,034026914
4812;-4,032841811
4813;-3,953591233
4814;-4,139441815
4815;-3,967247281
4816;-4,138498544
4817;-4,099649669
4818;-4,078648466
4819;-4,246644703
4820;-4,086766779
4821;-4,294632138
4822;-4,220847873
4823;-4,258991024
4824;-4,39793598
4825;-4,262499353
4826;-4,491986168
4827;-4,387917678
4828;-4,484455953
4829;-4,583212889
4830;-4,482270515
4831;-4,717937834
4832;-4,592443366
4833;-4,739967489
4834;-4,792286783
4835;-4,732344365
4836;-4,959143055
4837;-4,819441142
4838;-5,008575645
4839;-5,01239997
4840;-4,997867173
4841;-5,198531967
4842;-5,056589583
4843;-5,273791731
4844;-5,227910815
4845;-5,261129193
4846;-5,422621543
4847;-5,28715494
4848;-5,518793154
4849;-5,427891145
4850;-5,505817835
4851;-5,617255558
4852;-5,499303183
4853;-5,727772472
4854;-5,597149611
4855;-5,716089625
4856;-5,769823926
4857;-5,676681067
4858;-5,887539613
4859;-5,727611722
4860;-5,878189862
4861;-5,870095518
4862;-5,810006071
4863;-5,987993526
4864;-5,809243276
4865;-5,981586959
4866;-5,913545154
4867;-5,88944881
4868;-6,022290278
4869;-5,838546829
4870;-6,02032793
4871;-5,895694202
4872;-5,910404504
4873;-5,98910422
4874;-5,81241437
4875;-5,990863755
4876;-5,819255164
4877;-5,870959003
4878;-5,888976244
4879;-5,731686152
4880;-5,89459382
4881;-5,687105382
4882;-5,772484627
4883;-5,729592353
4884;-5,602566086
4885;-5,736802402
4886;-5,509849641
4887;-5,621624925
4888;-5,519810321
4889;-5,430671923
4890;-5,529143682
4891;-5,295078231
4892;-5,426710319
4893;-5,272951238
4894;-5,228953881
4895;-5,281515184
4896;-5,059220502
4897;-5,199542349
4898;-5,004030515
4899;-5,006669382
4900;-5,011151585
4901;-4,813967606
4902;-4,952922918
4903;-4,730040793
4904;-4,77878706
4905;-4,733737112
4906;-4,575684584
4907;-4,70366788
4908;-4,467301087
4909;-4,559442991
4910;-4,467596918
4911;-4,358915605
4912;-4,466140222
4913;-4,23206129
4914;-4,359798019
4915;-4,227571328
4916;-4,175715985
4917;-4,254687113
4918;-4,039384793
4919;-4,193488254
4920;-4,029147033
4921;-4,037771479
4922;-4,08269103
4923;-3,901498606
4924;-4,070772141
4925;-3,885180505
4926;-3,952787614
4927;-3,95913059
4928;-3,824799836
4929;-3,99667462
4930;-3,803339438
4931;-3,925066318
4932;-3,893683342
4933;-3,813672312
4934;-3,977670268
4935;-3,789890528
4936;-3,9571647
4937;-3,889446428
4938;-3,870208007
4939;-4,012717999
4940;-3,84419078
4941;-4,045551942
4942;-3,945831254
4943;-3,989768062
4944;-4,101147548
4945;-3,963171963
4946;-4,183811168
4947;-4,059705532
4948;-4,162985437
4949;-4,236575085
4950;-4,138936488
4951;-4,364169766
4952;-4,224647275
4953;-4,379598141
4954;-4,410644445
4955;-4,359967687
4956;-4,574339353
4957;-4,429187672
4958;-4,626184849
4959;-4,610882994
4960;-4,611568373
4961;-4,800741359
4962;-4,659643901
4963;-4,885022065
4964;-4,826704089
4965;-4,878478152
4966;-5,029027418
4967;-4,903687948
4968;-5,141359751
4969;-5,043564605
4970;-5,143141893
4971;-5,244977453
4972;-5,143491742
4973;-5,377868321
4974;-5,247863579
4975;-5,38945848
4976;-5,434882486
4977;-5,36440953
4978;-5,579484874
4979;-5,426109899
4980;-5,599488139
4981;-5,586452049
4982;-5,55263671
4983;-5,732660975
4984;-5,568160992
4985;-5,761102034
4986;-5,690232872
4987;-5,695721134
4988;-5,828763326
4989;-5,663692369
4990;-5,862507714
4991;-5,73953054
4992;-5,784526373
4993;-5,860438241
4994;-5,706330309
4995;-5,898440395
4996;-5,731311455
4997;-5,811325043
4998;-5,82673429
4999;-5,694726554
5000;-5,864674491
