Time;Sensor 1
1;0,000577057
2;0,201127935
3;0,065634948
4;0,293180594
5;0,24616637
6;0,295038965
7;0,45528659
8;0,33002905
9;0,569364593
10;0,478788141
11;0,573261852
12;0,682702152
13;0,57717398
14;0,812239367
15;0,685148305
16;0,819295203
17;0,870941257
18;0,793206786
19;1,008189717
20;0,854134589
21;1,01918736
22;1,010038358
23;0,966147381
24;1,146572082
25;0,976918797
26;1,16186751
27;1,093102361
28;1,086650495
29;1,220377231
30;1,047496904
31;1,239847708
32;1,116730755
33;1,14859692
34;1,226663133
35;1,063056937
36;1,249700326
37;1,081206501
38;1,149486551
39;1,166731277
40;1,024152162
41;1,19228039
42;0,99046646
43;1,090607926
44;1,046035953
45;0,934668895
46;1,072678362
47;0,851844292
48;0,976972703
49;0,873832807
50;0,80159081
51;0,899905856
52;0,675604686
53;0,81701815
54;0,662589389
55;0,634573959
56;0,686333685
57;0,474298552
58;0,622095144
59;0,427195318
60;0,445358285
61;0,446917289
62;0,261979726
63;0,405772621
64;0,184022198
65;0,24705138
66;0,198258081
67;0,053332112
68;0,183001024
69;-0,05010727
70;0,053328061
71;-0,042440322
72;-0,137238572
73;-0,030813758
74;-0,258975967
75;-0,122405487
76;-0,258455266
77;-0,296492272
78;-0,220768613
79;-0,427988392
80;-0,267832061
81;-0,434599342
82;-0,413166721
83;-0,373393999
84;-0,545082327
85;-0,372478171
86;-0,558179215
87;-0,478664479
88;-0,477499147
89;-0,601479174
90;-0,428357044
91;-0,619798367
92;-0,487573113
93;-0,52487857
94;-0,592226274
95;-0,430460466
96;-0,613952898
97;-0,437987171
98;-0,510835223
99;-0,516497755
100;-0,377069237
101;-0,539382532
102;-0,331612961
103;-0,434486859
104;-0,377635674
105;-0,269862995
106;-0,39915439
107;-0,173650579
108;-0,298835549
109;-0,182929649
110;-0,113822382
111;-0,200473951
112;0,02753864
113;-0,110595009
114;0,056850467
115;0,083070828
116;0,045765174
117;0,260957925
118;0,120214508
119;0,328138802
120;0,310317678
121;0,325664482
122;0,513661018
123;0,380879414
124;0,615431012
125;0,555540815
126;0,623193954
127;0,771555456
128;0,656776659
129;0,902260852
130;0,8052394
131;0,921200602
132;1,020273354
133;0,932279987
134;1,172234167
135;1,045614198
136;1,202488653
137;1,246055939
138;1,191732432
139;1,410055295
140;1,263412568
141;1,450903242
142;1,436597429
143;1,420424516
144;1,602481567
145;1,446741726
146;1,65234921
147;1,58179662
148;1,605517014
149;1,739146314
150;1,585800443
151;1,795680673
152;1,674370378
153;1,736850313
154;1,813199223
155;1,673484253
156;1,873405093
157;1,710291924
158;1,807589277
159;1,821724532
160;1,705826801
161;1,882157333
162;1,689027662
163;1,814662596
164;1,765911592
165;1,682249947
166;1,822913612
167;1,613558791
168;1,758968286
169;1,650967941
170;1,605606802
171;1,700931747
172;1,490187143
173;1,64533155
174;1,485781205
175;1,482014527
176;1,525421311
177;1,328137948
178;1,482216654
179;1,282351847
180;1,320486588
181;1,308964435
182;1,1389846
183;1,281209889
184;1,055033052
185;1,132386423
186;1,06672371
187;0,935931299
188;1,056305135
189;0,819625996
190;0,930735527
191;0,815487131
192;0,732998003
193;0,823036008
194;0,592387599
195;0,729417919
196;0,572610319
197;0,544157978
198;0,597508403
199;0,389013155
200;0,542329494
201;0,354922774
202;0,382480876
203;0,395393698
204;0,22365753
205;0,382524236
206;0,177667173
207;0,259333828
208;0,230945581
209;0,108056018
210;0,26140969
211;0,053538679
212;0,18368923
213;0,116102262
214;0,050799425
215;0,188041178
216;-0,008115112
217;0,161581255
218;0,05973068
219;0,056808124
220;0,16855843
221;-0,001883091
222;0,195743874
223;0,067060652
224;0,127037217
225;0,205799656
226;0,073368736
227;0,28545195
228;0,13934516
229;0,258430338
230;0,299117353
231;0,214426375
232;0,426574526
233;0,273768916
234;0,444124055
235;0,444407839
236;0,413931165
237;0,6118364
238;0,463611828
239;0,67388915
240;0,634353424
241;0,660844393
242;0,831271398
243;0,698658027
244;0,934780315
245;0,858863072
246;0,941143822
247;1,072839093
248;0,965825618
249;1,211952915
250;1,105685147
251;1,238708115
252;1,323166822
253;1,249978396
254;1,489595187
255;1,36115518
256;1,536333266
257;1,568371342
258;1,534869157
259;1,75191728
260;1,61103314
261;1,816816863
262;1,794909696
263;1,804155804
264;1,984135215
265;1,841379003
266;2,064041739
267;1,990407277
268;2,042426651
269;2,173388431
270;2,039412877
271;2,263990651
272;2,144412551
273;2,236170526
274;2,309533981
275;2,194306658
276;2,405628001
277;2,24903257
278;2,374630526
279;2,385768373
280;2,297858201
281;2,481593075
282;2,299410735
283;2,450487367
284;2,399039014
285;2,345006013
286;2,488661189
287;2,294018027
288;2,460328841
289;2,350220478
290;2,334152152
291;2,427943828
292;2,234740346
293;2,404875159
294;2,244045578
295;2,267272655
296;2,304815352
297;2,12675706
298;2,288945262
299;2,088796555
300;2,149807871
301;2,12857112
302;1,978218613
303;2,1211654
304;1,895776602
305;1,99033858
306;1,911838824
307;1,799743255
308;1,913437528
309;1,678595508
310;1,800067024
311;1,669780391
312;1,603763944
313;1,680200241
314;1,45231467
315;1,592134101
316;1,419134964
317;1,403765521
318;1,43752812
319;1,232505233
320;1,380814215
321;1,177163484
322;1,213458871
323;1,202125701
324;1,034278291
325;1,180636996
326;0,960561507
327;1,045942537
328;0,990279069
329;0,871347568
330;1,005489862
331;0,784408835
332;0,912902913
333;0,816830956
334;0,755182705
335;0,867756788
336;0,66122212
337;0,823901739
338;0,694243904
339;0,69430536
340;0,777546687
341;0,600170045
342;0,78579418
343;0,631810753
344;0,693771251
345;0,742059471
346;0,606500317
347;0,80231281
348;0,635062533
349;0,754869514
350;0,765129604
351;0,681214326
352;0,873842639
353;0,705411593
354;0,875057091
355;0,846976131
356;0,821009607
357;0,997400666
358;0,840053062
359;1,048131222
360;0,984175524
361;1,018493371
362;1,166820996
363;1,032131509
364;1,264628295
365;1,169860001
366;1,262653226
367;1,373134017
368;1,271162992
369;1,512423338
370;1,39412998
371;1,539555074
372;1,605116368
373;1,543686528
374;1,777492089
375;1,644656059
376;1,833223832
377;1,849978028
378;1,834104523
379;2,044787696
380;1,907434024
381;2,126651236
382;2,094144566
383;2,125659646
384;2,299177196
385;2,167646765
386;2,402867025
387;2,324086814
388;2,401486913
389;2,526379483
390;2,410580117
391;2,64600596
392;2,527147388
393;2,645674856
394;2,713846645
395;2,622536053
396;2,84230348
397;2,692313681
398;2,844268911
399;2,85153434
400;2,791686583
401;2,980957464
402;2,81089025
403;2,986153648
404;2,932513984
405;2,908815092
406;3,054802081
407;2,877029658
408;3,063757962
409;2,953389565
410;2,967898618
411;3,060751675
412;2,888089435
413;3,073538405
414;2,914494125
415;2,96649421
416;2,999987213
417;2,844793444
418;3,016209699
419;2,819854738
420;2,905904512
421;2,877874063
422;2,751187796
423;2,8967074
424;2,67692915
425;2,791111318
426;2,70361684
427;2,614394022
428;2,723884526
429;2,496131361
430;2,630480201
431;2,489673579
432;2,444174475
433;2,509960767
434;2,290176403
435;2,435253583
436;2,250966611
437;2,252336442
438;2,269758538
439;2,073285592
440;2,21886282
441;2,003940215
442;2,052011214
443;2,019773673
444;1,860301946
445;1,99610131
446;1,765524668
447;1,85685202
448;1,777139075
449;1,665770808
450;1,782209452
451;1,552072028
452;1,680199683
453;1,558546503
454;1,503042578
455;1,59192801
456;1,378330642
457;1,534266849
458;1,37919444
459;1,383452849
460;1,43857868
461;1,25652275
462;1,429390551
463;1,251828472
464;1,315630195
465;1,333229225
466;1,195582907
467;1,373398744
468;1,185934843
469;1,304973783
470;1,283995535
471;1,200604695
472;1,371129546
473;1,187138329
474;1,353332281
475;1,295524713
476;1,272529961
477;1,424132654
478;1,256842714
479;1,45890301
480;1,368692159
481;1,408099489
482;1,530571347
483;1,392136912
484;1,616356617
485;1,500532486
486;1,600067527
487;1,685331279
488;1,585973023
489;1,817178635
490;1,684409577
491;1,837665983
492;1,880329674
493;1,827605476
494;2,050205973
495;1,910416207
496;2,107288481
497;2,10500631
498;2,103263856
499;2,302324483
500;2,165979299
501;2,393350718
502;2,34696658
503;2,397017286
504;2,559283982
505;2,436633932
506;2,679272616
507;2,592737583
508;2,691776007
509;2,806580076
510;2,706918501
511;2,948520283
512;2,828591259
513;2,970367132
514;3,03034826
515;2,961335686
516;3,185642216
517;3,041384405
518;3,216616749
519;3,21821522
520;3,185319482
521;3,377234739
522;3,219364284
523;3,416370083
524;3,360055181
525;3,366147942
526;3,512776326
527;3,352890555
528;3,558385271
529;3,448605162
530;3,493744357
531;3,585278851
532;3,435029246
533;3,635044217
534;3,479901896
535;3,561316367
536;3,591715494
537;3,461982218
538;3,64283549
539;3,453514265
540;3,565792368
541;3,533199138
542;3,433325535
543;3,582578595
544;3,372557791
545;3,508027093
546;3,414900865
547;3,352041752
548;3,459375248
549;3,243491118
550;3,392762566
551;3,245714466
552;3,224343714
553;3,282290539
554;3,075707856
555;3,228345856
556;3,037688814
557;3,059300145
558;3,063783901
559;2,880949588
560;3,026220308
561;2,805264408
562;2,868285501
563;2,818925654
564;2,67257677
565;2,800221152
566;2,564362552
567;2,664287306
568;2,564448448
569;2,464742774
570;2,5657188
571;2,331384722
572;2,46111303
573;2,317693381
574;2,271522089
575;2,338662839
576;2,122185076
577;2,272544807
578;2,095517275
579;2,10604633
580;2,13458618
581;1,951080519
582;2,11149362
583;1,913230054
584;1,979700961
585;1,967631585
586;1,829960192
587;1,98920477
588;1,783629319
589;1,901431786
590;1,849661619
591;1,767549745
592;1,914563436
593;1,716193089
594;1,877203291
595;1,789508125
596;1,768875914
597;1,893543185
598;1,716481701
599;1,909641498
600;1,792408792
601;1,834964182
602;1,928831645
603;1,785786682
604;1,997882588
605;1,859666842
606;1,962787605
607;2,019656817
608;1,92104879
609;2,137635851
610;1,988556027
611;2,145469105
612;2,161825283
613;2,115050444
614;2,32145641
615;2,172477812
616;2,372723662
617;2,347970621
618;2,356870414
619;2,539210343
620;2,401361842
621;2,631511881
622;2,567997441
623;2,632572079
624;2,77870312
625;2,662285467
626;2,906863314
627;2,809694417
628;2,926081826
629;3,026432397
630;2,94027428
631;3,182817463
632;3,059479204
633;3,220202125
634;3,268418741
635;3,219234078
636;3,443423228
637;3,303229955
638;3,497695334
639;3,491063246
640;3,482956257
641;3,673734178
642;3,527152622
643;3,74236984
644;3,681979526
645;3,716133781
646;3,860737498
647;3,718630871
648;3,94009997
649;3,830749297
650;3,905323978
651;3,994158886
652;3,86700632
653;4,079715353
654;3,929555597
655;4,039797543
656;4,067093646
657;3,964240855
658;4,153703651
659;3,973655276
660;4,112220006
661;4,076425275
662;4,005419897
663;4,158682384
664;3,961662338
665;4,119122306
666;4,023006263
667;3,989065055
668;4,095610185
669;3,895625316
670;4,061130186
671;3,911590783
672;3,917236248
673;3,969724279
674;3,780894488
675;3,942937181
676;3,750524439
677;3,795416216
678;3,790208275
679;3,625787567
680;3,77302204
681;3,551211404
682;3,632183725
683;3,569611385
684;3,44107477
685;3,563127512
686;3,327393046
687;3,438694788
688;3,323055869
689;3,239315108
690;3,327532475
691;3,094283756
692;3,228003135
693;3,067282833
694;3,034084767
695;3,082162507
696;2,867618393
697;3,014261196
698;2,819596696
699;2,839144886
700;2,84359431
701;2,662671034
702;2,811850383
703;2,59677497
704;2,667599658
705;2,628016268
706;2,493306238
707;2,63449403
708;2,414012142
709;2,531096125
710;2,450210378
711;2,371121746
712;2,494407653
713;2,283964232
714;2,439114401
715;2,322619652
716;2,304735587
717;2,4015391
718;2,215954173
719;2,39839145
720;2,25455994
721;2,299261336
722;2,36294587
723;2,21538797
724;2,412513314
725;2,251626166
726;2,356003371
727;2,3823486
728;2,283418213
729;2,481700354
730;2,315330945
731;2,472390155
732;2,459889024
733;2,416875909
734;2,602798308
735;2,442998965
736;2,642148677
737;2,59210819
738;2,608474606
739;2,76947535
740;2,627924527
741;2,855708176
742;2,772147221
743;2,847273633
744;2,972612861
745;2,859783063
746;3,100807106
747;2,990159104
748;3,119370925
749;3,200865802
750;3,125271411
751;3,363264747
752;3,233906964
753;3,408781483
754;3,441358302
755;3,40893716
756;3,627868847
757;3,489512569
758;3,698445855
759;3,68047192
760;3,694145346
761;3,879323685
762;3,742309418
763;3,971304907
764;3,904678398
765;3,964121969
766;4,103199451
767;3,977748038
768;4,21137308
769;4,101366135
770;4,2030088
771;4,286824023
772;4,18229766
773;4,404742507
774;4,259609998
775;4,396863075
776;4,420062079
777;4,344288437
778;4,540454852
779;4,370837629
780;4,534538936
781;4,495933708
782;4,454641748
783;4,611186152
784;4,429351706
785;4,608394814
786;4,511034869
787;4,507442862
788;4,613701847
789;4,432676444
790;4,614781749
791;4,465734503
792;4,50031977
793;4,549053713
794;4,381707349
795;4,554281364
796;4,364137052
797;4,43460387
798;4,422506766
799;4,280655167
800;4,431677918
801;4,213813745
802;4,315261561
803;4,243201191
804;4,136787579
805;4,255665594
806;4,025320287
807;4,150600017
808;4,023571094
809;3,959984425
810;4,038308893
811;3,811531759
812;3,951764391
813;3,778557101
814;3,762133622
815;3,794289604
816;3,586836701
817;3,732056763
818;3,524662769
819;3,55640463
820;3,539987391
821;3,366240844
822;3,506118334
823;3,278914504
824;3,356443728
825;3,292451597
826;3,164436349
827;3,289025062
828;3,057790624
829;3,175540171
830;3,068328897
831;2,994894258
832;3,095352553
833;2,876187023
834;3,025814029
835;2,882814321
836;2,869036168
837;2,93826819
838;2,746484421
839;2,917475222
840;2,748691852
841;2,795535974
842;2,828707055
843;2,677775656
844;2,858198937
845;2,675525268
846;2,779794277
847;2,77468326
848;2,675301272
849;2,85265553
850;2,669050545
851;2,823617145
852;2,780780113
853;2,740128423
854;2,902223667
855;2,730808495
856;2,925118219
857;2,847851645
858;2,869092717
859;3,004904257
860;2,858041246
861;3,078849194
862;2,972954965
863;3,055006054
864;3,155440584
865;3,043859524
866;3,27614968
867;3,149518706
868;3,287116748
869;3,345637436
870;3,27767063
871;3,505693874
872;3,367738071
873;3,551792393
874;3,564859934
875;3,545840542
876;3,7541995
877;3,615172893
878;3,833382021
879;3,800681803
880;3,832548703
881;4,007254595
882;3,877512301
883;4,115202914
884;4,039643668
885;4,120781875
886;4,25021066
887;4,139459094
888;4,380589751
889;4,268075246
890;4,393404529
891;4,469086866
892;4,385679194
893;4,613940035
894;4,472931327
895;4,634238349
896;4,651429527
897;4,601757267
898;4,801690141
899;4,642590547
900;4,829082738
901;4,787074112
902;4,775098939
903;4,933160877
904;4,767568154
905;4,966611844
906;4,868763265
907;4,895723088
908;5,001219839
909;4,841099129
910;5,039091351
911;4,892583379
912;4,956894315
913;5,002719476
914;4,859555873
915;5,042869584
916;4,85819362
917;4,955555419
918;4,938684016
919;4,822674688
920;4,978611669
921;4,76883415
922;4,892532035
923;4,814234235
924;4,733576907
925;4,851261694
926;4,631113948
927;4,77249569
928;4,638255558
929;4,598583026
930;4,66973497
931;4,454592171
932;4,603686562
933;4,422831076
934;4,426830819
935;4,44635956
936;4,251179629
937;4,397412246
938;4,182475745
939;4,229720388
940;4,196102075
941;4,034397865
942;4,167352928
943;3,93322039
944;4,020219756
945;3,935626416
946;3,81854195
947;3,928715571
948;3,691603428
949;3,812073129
950;3,682244737
951;3,617798774
952;3,697289381
953;3,473633795
954;3,618960063
955;3,45282676
956;3,445375191
957;3,488461201
958;3,293790179
959;3,453656842
960;3,262736249
961;3,312689465
962;3,316252265
963;3,164119152
964;3,327251362
965;3,124861791
966;3,228675442
967;3,192436645
968;3,093488399
969;3,248459707
970;3,048803144
971;3,199241706
972;3,125796899
973;3,087041308
974;3,22308647
975;3,040264567
976;3,226918316
977;3,121564051
978;3,145886418
979;3,253662225
980;3,100693572
981;3,310712105
982;3,18107771
983;3,267040386
984;3,339280804
985;3,227187991
986;3,446178657
987;3,301688468
988;3,443627185
989;3,475646861
990;3,412677357
991;3,625705758
992;3,476909664
993;3,665320175
994;3,655331392
995;3,646367247
996;3,838990204
997;3,696809973
998;3,918998559
999;3,868220126
1000;3,914418631
1001;4,073678074
1002;3,948623165
1003;4,189576383
1004;4,10212785
1005;4,200819407
1006;4,31612867
1007;4,217537665
1008;4,460951613
1009;4,343541492
1010;4,488393156
1011;4,552254936
1012;4,487617105
1013;4,717015509
1014;4,578446784
1015;4,759881478
1016;4,768388613
1017;4,742794664
1018;4,942658944
1019;4,793188037
1020;4,9990316
1021;4,95211712
1022;4,967879129
1023;5,124712782
1024;4,975308396
1025;5,191620605
1026;5,093041003
1027;5,149509612
1028;5,252763766
1029;5,114318937
1030;5,326351652
1031;5,183405877
1032;5,276998869
1033;5,319795397
1034;5,20234917
1035;5,395565621
1036;5,218570592
1037;5,343011876
1038;5,322614411
1039;5,234638612
1040;5,395723284
1041;5,197283486
1042;5,34403651
1043;5,262037026
1044;5,209838712
1045;5,327627607
1046;5,121750417
1047;5,280616023
1048;5,142824232
1049;5,130105943
1050;5,196372204
1051;4,997491016
1052;5,157327875
1053;4,973371136
1054;5,000979609
1055;5,011019257
1056;4,832992585
1057;4,982509358
1058;4,765170689
1059;4,831051149
1060;4,784027301
1061;4,639183328
1062;4,767746343
1063;4,532086143
1064;4,631444523
1065;4,530465073
1066;4,42875763
1067;4,527156452
1068;4,28947839
1069;4,415138972
1070;4,2670611
1071;4,215394984
1072;4,276510962
1073;4,053243168
1074;4,196175247
1075;4,011149076
1076;4,012920562
1077;4,032250062
1078;3,838818565
1079;3,988793734
1080;3,779575607
1081;3,834458834
1082;3,810452987
1083;3,660224791
1084;3,806557281
1085;3,587639249
1086;3,691631944
1087;3,625827592
1088;3,529195969
1089;3,661512693
1090;3,448127765
1091;3,593851666
1092;3,490782931
1093;3,454457666
1094;3,563442681
1095;3,37051425
1096;3,54774794
1097;3,414643434
1098;3,441194584
1099;3,519254722
1100;3,360362734
1101;3,556768568
1102;3,40305451
1103;3,490740804
1104;3,532545023
1105;3,418980591
1106;3,620974106
1107;3,457617577
1108;3,600510941
1109;3,603365151
1110;3,54333948
1111;3,737040071
1112;3,575778193
1113;3,764175513
1114;3,728206538
1115;3,726269571
1116;3,898465892
1117;3,75097508
1118;3,972068588
1119;3,900204669
1120;3,956914582
1121;4,095977466
1122;3,973041489
1123;4,211801381
1124;4,109551241
1125;4,221418657
1126;4,318098398
1127;4,228834388
1128;4,469042754
1129;4,344089698
1130;4,503801568
1131;4,551854775
1132;4,503052577
1133;4,728417388
1134;4,590058101
1135;4,786966853
1136;4,783570288
1137;4,779192781
1138;4,974465267
1139;4,832934066
1140;5,053779183
1141;4,99970305
1142;5,040583945
1143;5,192602581
1144;5,058329975
1145;5,288142978
1146;5,187673041
1147;5,27143486
1148;5,370024322
1149;5,252883346
1150;5,476014262
1151;5,336629745
1152;5,457829187
1153;5,496492743
1154;5,405087294
1155;5,606282079
1156;5,438113269
1157;5,588605103
1158;5,564963195
1159;5,506009472
1160;5,671464089
1161;5,486568779
1162;5,656063852
1163;5,572009184
1164;5,54985454
1165;5,668172748
1166;5,479683085
1167;5,656462139
1168;5,518021116
1169;5,534334709
1170;5,597323034
1171;5,418523062
1172;5,590256782
1173;5,407167384
1174;5,460824578
1175;5,464069
1176;5,307467666
1177;5,462085576
1178;5,247121237
1179;5,334289778
1180;5,277473545
1181;5,153937903
1182;5,280484908
1183;5,048571383
1184;5,162992858
1185;5,049932643
1186;4,967941373
1187;5,057361266
1188;4,824547636
1189;4,957993674
1190;4,796390665
1191;4,761459287
1192;4,807249331
1193;4,589604192
1194;4,732474354
1195;4,533396575
1196;4,547713435
1197;4,546402909
1198;4,358911796
1199;4,500929933
1200;4,278060691
1201;4,340357824
1202;4,291775577
1203;4,147315442
1204;4,278274252
1205;4,046977892
1206;4,15264431
1207;4,059955061
1208;3,968416123
1209;4,078916213
1210;3,855185115
1211;3,996613057
1212;3,866118389
1213;3,833733394
1214;3,91586358
1215;3,715218712
1216;3,88235716
1217;3,723073733
1218;3,752000242
1219;3,79991007
1220;3,636330821
1221;3,817406223
1222;3,640449534
1223;3,728633316
1224;3,738956561
1225;3,623913763
1226;3,806266437
1227;3,624082338
1228;3,765410543
1229;3,737509159
1230;3,679168267
1231;3,850145178
1232;3,675642358
1233;3,860375153
1234;3,796386084
1235;3,799035924
1236;3,946876908
1237;3,792520837
1238;4,007971066
1239;3,912652511
1240;3,976399556
1241;4,091054928
1242;3,967986847
1243;4,199400259
1244;4,079788399
1245;4,200538329
1246;4,274360979
1247;4,19160414
1248;4,423179048
1249;4,288079919
1250;4,457808434
1251;4,486072667
1252;4,449882253
1253;4,665858072
1254;4,525211107
1255;4,732506014
1256;4,713717846
1257;4,727121229
1258;4,912860762
1259;4,777019827
1260;5,00785768
1261;4,943836119
1262;5,006397009
1263;5,149388036
1264;5,028371714
1265;5,26707601
1266;5,162801111
1267;5,270625588
1268;5,361333053
1269;5,264098236
1270;5,494413549
1271;5,35765339
1272;5,503638926
1273;5,536149553
1274;5,469940743
1275;5,676149045
1276;5,516893263
1277;5,691204773
1278;5,663620385
1279;5,633441742
1280;5,801444096
1281;5,631185061
1282;5,821925954
1283;5,736479266
1284;5,744727655
1285;5,863016713
1286;5,693929874
1287;5,887962225
1288;5,75084804
1289;5,797133806
1290;5,857589931
1291;5,701671653
1292;5,885528853
1293;5,706463283
1294;5,787632014
1295;5,786087866
1296;5,654311746
1297;5,815140173
1298;5,606679166
1299;5,717033266
1300;5,653567567
1301;5,55511853
1302;5,681582382
1303;5,458247362
1304;5,589951861
1305;5,468891657
1306;5,410531307
1307;5,493616931
1308;5,270888474
1309;5,41453225
1310;5,244163
1311;5,229770153
1312;5,263432892
1313;5,056682249
1314;5,201954564
1315;4,993957579
1316;5,024275263
1317;5,005882547
1318;4,829314882
1319;4,965748766
1320;4,734404263
1321;4,807009767
1322;4,737548179
1323;4,6032303
1324;4,720959401
1325;4,482169699
1326;4,591668377
1327;4,475698788
1328;4,392738064
1329;4,483212461
1330;4,253412273
1331;4,391840032
1332;4,237202435
1333;4,211132911
1334;4,267742231
1335;4,062770872
1336;4,220175628
1337;4,037462841
1338;4,069880061
1339;4,088438722
1340;3,922451796
1341;4,087611688
1342;3,889447358
1343;3,977916073
1344;3,956975299
1345;3,841470765
1346;4,002697514
1347;3,802867767
1348;3,941107788
1349;3,882071362
1350;3,825097119
1351;3,97106717
1352;3,783565741
1353;3,961901962
1354;3,868936715
1355;3,874534401
1356;3,99508887
1357;3,833141918
1358;4,039186366
1359;3,918933133
1360;3,98685663
1361;4,073713582
1362;3,948852211
1363;4,168370058
1364;4,029475172
1365;4,155203438
1366;4,202532575
1367;4,12377807
1368;4,341677074
1369;4,19417741
1370;4,369221012
1371;4,374040841
1372;4,347260145
1373;4,548634667
1374;4,40323991
1375;4,615720423
1376;4,578090786
1377;4,605568144
1378;4,776725437
1379;4,644048755
1380;4,879511373
1381;4,802508868
1382;4,882764734
1383;5,012162718
1384;4,901954917
1385;5,144358581
1386;5,033837857
1387;5,161709049
1388;5,240741207
1389;5,161183422
1390;5,394000488
1391;5,258159589
1392;5,425136545
1393;5,44871043
1394;5,405816395
1395;5,613166304
1396;5,461948023
1397;5,656747056
1398;5,623617397
1399;5,620788709
1400;5,788527742
1401;5,632900449
1402;5,842232382
1403;5,755066924
1404;5,792833911
1405;5,909526098
1406;5,760695825
1407;5,97017853
1408;5,835353322
1409;5,911320968
1410;5,969023376
1411;5,837633573
1412;6,032785622
1413;5,859925214
1414;5,968928973
1415;5,963737336
1416;5,859113305
1417;6,026359995
1418;5,827655557
1419;5,962116896
1420;5,894434045
1421;5,823925609
1422;5,951547392
1423;5,740901012
1424;5,891358155
1425;5,765866752
1426;5,734335446
1427;5,813292503
1428;5,605347708
1429;5,761124413
1430;5,586465842
1431;5,595952441
1432;5,620527383
1433;5,429653528
1434;5,579618679
1435;5,367800153
1436;5,417395308
1437;5,385608423
1438;5,224909458
1439;5,358273525
1440;5,123844181
1441;5,209770392
1442;5,123537405
1443;5,00395351
1444;5,111045046
1445;4,870097664
1446;4,9859957
1447;4,851015828
1448;4,780579624
1449;4,853546122
1450;4,622613102
1451;4,76001146
1452;4,585392206
1453;4,568690248
1454;4,6020728
1455;4,396992292
1456;4,545925307
1457;4,343568795
1458;4,38144456
1459;4,372584539
1460;4,207414647
1461;4,357144419
1462;4,140936735
1463;4,23045441
1464;4,179702171
1465;4,065757822
1466;4,205547908
1467;3,990406808
1468;4,125076988
1469;4,035786573
1470;3,980865172
1471;4,10075051
1472;3,901596927
1473;4,071847162
1474;3,950156185
1475;3,958005171
1476;4,049503181
1477;3,880227562
1478;4,074083806
1479;3,928493009
1480;3,998555744
1481;4,055267995
1482;3,927763152
1483;4,131693687
1484;3,972475036
1485;4,099932319
1486;4,117994136
1487;4,041321999
1488;4,24118441
1489;4,07965897
1490;4,255763096
1491;4,234109533
1492;4,213860188
1493;4,3958851
1494;4,24362143
1495;4,456299628
1496;4,396729471
1497;4,43461776
1498;4,586360854
1499;4,45435062
1500;4,689036163
1501;4,59607013
1502;4,689798819
1503;4,800995221
1504;4,698864639
1505;4,939498325
1506;4,820042386
1507;4,963442512
1508;5,026704779
1509;4,962018288
1510;5,192151303
1511;5,054989946
1512;5,238429802
1513;5,249741921
1514;5,22744823
1515;5,431370516
1516;5,286526891
1517;5,497562425
1518;5,45653668
1519;5,478597496
1520;5,642414061
1521;5,500423339
1522;5,724645936
1523;5,634526164
1524;5,699755143
1525;5,812336415
1526;5,683484794
1527;5,905508522
1528;5,77292103
1529;5,877045686
1530;5,930786777
1531;5,824370882
1532;6,028891426
1533;5,86336236
1534;5,999305938
1535;5,990642885
1536;5,914302675
1537;6,087154948
1538;5,900429085
1539;6,058793712
1540;5,988441564
1541;5,94761448
1542;6,076755721
1543;5,881965263
1544;6,051683328
1545;5,924580114
1546;5,922115356
1547;5,998465422
1548;5,809207544
1549;5,978316104
1550;5,803276983
1551;5,839237246
1552;5,857317431
1553;5,686705366
1554;5,843189383
1555;5,632295195
1556;5,703959667
1557;5,662285136
1558;5,522039049
1559;5,654684058
1560;5,422446738
1561;5,524514686
1562;5,425712489
1563;5,32535323
1564;5,424547036
1565;5,186909619
1566;5,311889506
1567;5,162533033
1568;5,108734342
1569;5,167160564
1570;4,940400816
1571;5,079156569
1572;4,889326897
1573;4,885470241
1574;4,898643879
1575;4,698257072
1576;4,840671912
1577;4,623275414
1578;4,669237258
1579;4,635843317
1580;4,475480994
1581;4,611190822
1582;4,381079367
1583;4,473264271
1584;4,395274211
1585;4,285811764
1586;4,404955217
1587;4,177909068
1588;4,309524786
1589;4,192081126
1590;4,140878025
1591;4,23480914
1592;4,026452372
1593;4,18800622
1594;4,039081956
1595;4,049485087
1596;4,111397305
1597;3,936120407
1598;4,11610086
1599;3,945956352
1600;4,017080068
1601;4,042496717
1602;3,912460804
1603;4,098155537
1604;3,918629936
1605;4,045427346
1606;4,032523391
1607;3,956815012
1608;4,135207352
1609;3,958893587
1610;4,132513493
1611;4,082245512
1612;4,066240845
1613;4,224921473
1614;4,064282308
1615;4,272686596
1616;4,188721738
1617;4,233704678
1618;4,361734709
1619;4,22822192
1620;4,457020299
1621;4,345469458
1622;4,448530664
1623;4,537196048
1624;4,440434893
1625;4,673879051
1626;4,542853562
1627;4,69707824
1628;4,740483352
1629;4,687580311
1630;4,909648704
1631;4,768672562
1632;4,963604808
1633;4,959064711
1634;4,954088091
1635;5,14958652
1636;5,008906518
1637;5,231258949
1638;5,179464134
1639;5,223135282
1640;5,378737501
1641;5,248581024
1642;5,483141408
1643;5,388084915
1644;5,477703139
1645;5,582860093
1646;5,47269408
1647;5,703366938
1648;5,572040497
1649;5,701648491
1650;5,74930398
1651;5,667148497
1652;5,878060226
1653;5,719942202
1654;5,880721856
1655;5,86778595
1656;5,819631901
1657;5,99622338
1658;5,82259578
1659;6,003467989
1660;5,931016331
1661;5,920389381
1662;6,050420723
1663;5,873564289
1664;6,061951857
1665;5,93513795
1666;5,962840219
1667;6,037238233
1668;5,86956292
1669;6,052263933
1670;5,879951332
1671;5,943999668
1672;5,957489274
1673;5,810661598
1674;5,974772563
1675;5,768913157
1676;5,864678652
1677;5,816154277
1678;5,700282876
1679;5,834107062
1680;5,608909053
1681;5,729447988
1682;5,622058822
1683;5,544995094
1684;5,638872166
1685;5,4098157
1686;5,546368334
1687;5,387310962
1688;5,354113255
1689;5,401111442
1690;5,183880179
1691;5,326501649
1692;5,126533795
1693;5,139131766
1694;5,135553121
1695;4,94495559
1696;5,083233677
1697;4,855941981
1698;4,913023511
1699;4,858685633
1700;4,707640693
1701;4,831448831
1702;4,59232065
1703;4,689447834
1704;4,587720916
1705;4,486376978
1706;4,586608313
1707;4,351971088
1708;4,481915693
1709;4,339510789
1710;4,294558987
1711;4,363788513
1712;4,149689497
1713;4,302962852
1714;4,129484678
1715;4,143712616
1716;4,176739498
1717;3,99784287
1718;4,163381614
1719;3,970675785
1720;4,042791719
1721;4,037022441
1722;3,905599735
1723;4,071558057
1724;3,872897249
1725;3,99763581
1726;3,95328013
1727;3,878363608
1728;4,032955431
1729;3,842120477
1730;4,01062158
1731;3,930686679
1732;3,917444151
1733;4,049775472
1734;3,880095093
1735;4,080528872
1736;3,970611555
1737;4,019985971
1738;4,120818642
1739;3,984234768
1740;4,202628481
1741;4,070519811
1742;4,179158768
1743;4,241552177
1744;4,147776395
1745;4,368985486
1746;4,224115757
1747;4,384596143
1748;4,404382173
1749;4,360202824
1750;4,568958607
1751;4,421722103
1752;4,623054771
1753;4,59911347
1754;4,607902736
1755;4,789864111
1756;4,650871878
1757;4,879251948
1758;4,813569611
1759;4,875026182
1760;5,017762842
1761;4,897076987
1762;5,136828436
1763;5,034335296
1764;5,144481976
1765;5,238321539
1766;5,144726111
1767;5,379375859
1768;5,247576207
1769;5,399014069
1770;5,437695269
1771;5,378056289
1772;5,591464057
1773;5,439886207
1774;5,622289033
1775;5,603376732
1776;5,582137747
1777;5,759604012
1778;5,599110183
1779;5,799926021
1780;5,724960426
1781;5,743810375
1782;5,873086237
1783;5,715092082
1784;5,920404139
1785;5,794775109
1786;5,852513079
1787;5,924642518
1788;5,780302205
1789;5,975789907
1790;5,808346258
1791;5,900953645
1792;5,910890149
1793;5,790305025
1794;5,96223878
1795;5,764660776
1796;5,885576546
1797;5,832531591
1798;5,744038486
1799;5,880238988
1800;5,666218448
1801;5,8067986
1802;5,694297874
1803;5,643887153
1804;5,734582176
1805;5,518867745
1806;5,668996804
1807;5,504640175
1808;5,49554418
1809;5,534062619
1810;5,331436803
1811;5,480248132
1812;5,27518975
1813;5,307669964
1814;5,290923911
1815;5,115182908
1816;5,251836647
1817;5,02002082
1818;5,091367803
1819;5,020087973
1820;4,883094811
1821;4,997557913
1822;4,754763214
1823;4,859508203
1824;4,738215023
1825;4,64909112
1826;4,732863549
1827;4,495620811
1828;4,625942791
1829;4,462653799
1830;4,427164166
1831;4,473898932
1832;4,258357499
1833;4,404655732
1834;4,210348282
1835;4,230521946
1836;4,236494012
1837;4,057314134
1838;4,208904522
1839;3,996769923
1840;4,070780645
1841;4,035170351
1842;3,904517861
1843;4,050402865
1844;3,83494277
1845;3,957256988
1846;3,882226734
1847;3,80893908
1848;3,938595931
1849;3,734622993
1850;3,896403399
1851;3,786961016
1852;3,775941935
1853;3,880072812
1854;3,7016846
1855;3,891420065
1856;3,755077529
1857;3,806961912
1858;3,878152718
1859;3,737750052
1860;3,942067112
1861;3,788317914
1862;3,899429822
1863;3,932670952
1864;3,840089051
1865;4,044687785
1866;3,884339341
1867;4,046945952
1868;4,039978485
1869;4,001791814
1870;4,192440605
1871;4,03684864
1872;4,239692568
1873;4,193155916
1874;4,212205809
1875;4,37572575
1876;4,235984813
1877;4,465058083
1878;4,382429423
1879;4,457608315
1880;4,582779058
1881;4,468926754
1882;4,708433126
1883;4,59576384
1884;4,722072249
1885;4,800396944
1886;4,720688779
1887;4,954128185
1888;4,819597003
1889;4,988470575
1890;5,014747596
1891;4,975054606
1892;5,186355114
1893;5,039670697
1894;5,239555825
1895;5,212218716
1896;5,215591571
1897;5,39021105
1898;5,241907397
1899;5,459046608
1900;5,38024994
1901;5,426681599
1902;5,552603427
1903;5,41327897
1904;5,63265256
1905;5,508099172
1906;5,594504174
1907;5,663058663
1908;5,542613793
1909;5,748973109
1910;5,587496201
1911;5,707909368
1912;5,714364626
1913;5,621292315
1914;5,800213476
1915;5,613143962
1916;5,759125685
1917;5,703007548
1918;5,643787735
1919;5,78267288
1920;5,583037191
1921;5,744257678
1922;5,629377019
1923;5,60801786
1924;5,696974344
1925;5,498579409
1926;5,663541403
1927;5,497727276
1928;5,515485684
1929;5,548021847
1930;5,36449149
1931;5,521340894
1932;5,315898191
1933;5,371199171
1934;5,344687758
1935;5,188517809
1936;5,325885093
1937;5,094814335
1938;5,183374304
1939;5,099250538
1940;4,98094825
1941;5,088761018
1942;4,847794214
1943;4,962938854
1944;4,826618409
1945;4,753985557
1946;4,824194353
1947;4,589713419
1948;4,722866693
1949;4,543388171
1950;4,520996859
1951;4,548162099
1952;4,336074348
1953;4,477383094
1954;4,266798684
1955;4,295695192
1956;4,277392684
1957;4,102040718
1958;4,241089572
1959;4,013645098
1960;4,091301021
1961;4,028316134
1962;3,901497005
1963;4,028062046
1964;3,799222338
1965;3,919734913
1966;3,816030283
1967;3,746191144
1968;3,850977961
1969;3,636364364
1970;3,790890515
1971;3,65334814
1972;3,645013362
1973;3,720326491
1974;3,534639659
1975;3,712032071
1976;3,54998663
1977;3,60345535
1978;3,64375103
1979;3,499753399
1980;3,687353032
1981;3,511948169
1982;3,623282552
1983;3,625565242
1984;3,533193693
1985;3,717722497
1986;3,541134531
1987;3,702438993
1988;3,666473352
1989;3,632143825
1990;3,800634743
1991;3,635217912
1992;3,835189542
1993;3,763512896
1994;3,789665609
1995;3,930364735
1996;3,787777964
1997;4,012489746
1998;3,91022442
1999;3,995141893
2000;4,098319969
2001;3,988696828
2002;4,222559326
2003;4,097038601
2004;4,23494992
2005;4,293567057
2006;4,224787871
2007;4,451622889
2008;4,311857732
2009;4,493322742
2010;4,503500856
2011;4,480619093
2012;4,684771219
2013;4,540796372
2014;4,753344134
2015;4,714615288
2016;4,739479741
2017;4,906889276
2018;4,769035906
2019;4,998014122
2020;4,913328816
2021;4,984429533
2022;5,103593124
2023;4,981740516
2024;5,211317905
2025;5,086814275
2026;5,199364551
2027;5,262117726
2028;5,164977972
2029;5,379230889
2030;5,223782466
2031;5,370032643
2032;5,372100892
2033;5,306588126
2034;5,490596678
2035;5,315171784
2036;5,48493421
2037;5,426215295
2038;5,396944932
2039;5,537823028
2040;5,354701864
2041;5,536051339
2042;5,42061013
2043;5,429564222
2044;5,51735232
2045;5,339257492
2046;5,519358977
2047;5,355135934
2048;5,401518778
2049;5,429877421
2050;5,269079398
2051;5,43508546
2052;5,233339608
2053;5,313634074
2054;5,280289883
2055;5,147750249
2056;5,287705487
2057;5,062230956
2058;5,170451548
2059;5,077364308
2060;4,981976657
2061;5,085665473
2062;4,851836157
2063;4,979960671
2064;4,833199324
2065;4,781180428
2066;4,840858117
2067;4,614566699
2068;4,753115459
2069;4,562450862
2070;4,556923881
2071;4,567878856
2072;4,364443525
2073;4,50316456
2074;4,281406425
2075;4,322204198
2076;4,283110743
2077;4,116224955
2078;4,24483579
2079;4,006958925
2080;4,09065974
2081;4,00369518
2082;3,884492604
2083;3,993425244
2084;3,755544834
2085;3,87573669
2086;3,746453232
2087;3,682751894
2088;3,76384727
2089;3,542113485
2090;3,689866787
2091;3,526825524
2092;3,522602589
2093;3,56970432
2094;3,379192209
2095;3,54370634
2096;3,35789761
2097;3,41303021
2098;3,422434697
2099;3,276105824
2100;3,445482974
2101;3,249572441
2102;3,359861496
2103;3,330591649
2104;3,238399117
2105;3,400490098
2106;3,207942376
2107;3,365416781
2108;3,299299326
2109;3,267498062
2110;3,410760088
2111;3,234900621
2112;3,428379885
2113;3,329920266
2114;3,360630436
2115;3,474936354
2116;3,328016957
2117;3,543892598
2118;3,419956077
2119;3,511010099
2120;3,588352353
2121;3,48068594
2122;3,703867019
2123;3,563188505
2124;3,70827267
2125;3,743313011
2126;3,682538556
2127;3,897495596
2128;3,750053127
2129;3,939134532
2130;3,929561673
2131;3,920091684
2132;4,11192666
2133;3,968223333
2134;4,188233181
2135;4,134904348
2136;4,177594644
2137;4,333063202
2138;4,20336904
2139;4,439095646
2140;4,345953386
2141;4,438019619
2142;4,546435254
2143;4,440043513
2144;4,675173867
2145;4,548945365
2146;4,684133602
2147;4,738091909
2148;4,662643437
2149;4,880881839
2150;4,73058335
2151;4,899584291
2152;4,895458076
2153;4,85638258
2154;5,042569501
2155;4,878852108
2156;5,069931394
2157;5,008103428
2158;5,008218255
2159;5,149372439
2160;4,983756392
2161;5,183558224
2162;5,068376659
2163;5,107672493
2164;5,193884543
2165;5,03793702
2166;5,232405922
2167;5,071866598
2168;5,147496143
2169;5,172611962
2170;5,03712681
2171;5,21248383
2172;5,017662546
2173;5,124133728
2174;5,08618062
2175;4,980418146
2176;5,124123635
2177;4,908398624
2178;5,03795917
2179;4,939285048
2180;4,870325382
2181;4,971961047
2182;4,750080231
2183;4,893266694
2184;4,740382589
2185;4,712637783
2186;4,764646011
2187;4,5517041
2188;4,698016496
2189;4,501152962
2190;4,516071499
2191;4,514299561
2192;4,324696025
2193;4,463350093
2194;4,235757806
2195;4,291741387
2196;4,235751483
2197;4,082201422
2198;4,202904772
2199;3,95994725
2200;4,052484539
2201;3,945606771
2202;3,838272783
2203;3,931969273
2204;3,690069961
2205;3,812076575
2206;3,661199753
2207;3,607004187
2208;3,66653293
2209;3,442048971
2210;3,584388405
2211;3,399501841
2212;3,401666131
2213;3,422287428
2214;3,230387508
2215;3,382534961
2216;3,176051844
2217;3,233893673
2218;3,21364353
2219;3,067266921
2220;3,218068059
2221;3,003976353
2222;3,112977446
2223;3,052824435
2224;2,961792833
2225;3,100262977
2226;2,893162072
2227;3,045300622
2228;2,949092898
2229;2,919436125
2230;3,03554279
2231;2,849632351
2232;3,033955802
2233;2,908161065
2234;2,941703024
2235;3,027076162
2236;2,875167304
2237;3,078564688
2238;2,931820712
2239;3,026054086
2240;3,07457383
2241;2,96719151
2242;3,175310925
2243;3,017817923
2244;3,166076229
2245;3,174296868
2246;3,118936393
2247;3,317183403
2248;3,159980944
2249;3,351896129
2250;3,319276909
2251;3,319867036
2252;3,494414482
2253;3,34859416
2254;3,570808257
2255;3,499735498
2256;3,556346461
2257;3,69508574
2258;3,5709956
2259;3,808077503
2260;3,703677469
2261;3,812495438
2262;3,905863668
2263;3,812361303
2264;4,04786562
2265;3,91762248
2266;4,071193526
2267;4,112819972
2268;4,056627964
2269;4,274223147
2270;4,127430233
2271;4,315158143
2272;4,30228608
2273;4,287496441
2274;4,472084647
2275;4,319168962
2276;4,528033551
2277;4,461689526
2278;4,489453393
2279;4,62820514
2280;4,479973953
2281;4,695421045
2282;4,580321168
2283;4,64874695
2284;4,731979501
2285;4,598843258
2286;4,805785358
2287;4,649986536
2288;4,754254982
2289;4,776094203
2290;4,667321414
2291;4,85118015
2292;4,665501851
2293;4,798191049
2294;4,756971385
2295;4,680028689
2296;4,827746896
2297;4,625004802
2298;4,776603132
2299;4,674978414
2300;4,6350027
2301;4,735955815
2302;4,530061576
2303;4,689633121
2304;4,534390787
2305;4,533830662
2306;4,58057379
2307;4,385564105
2308;4,54151995
2309;4,343111704
2310;4,381563347
2311;4,37036148
2312;4,199424287
2313;4,34034536
2314;4,11216676
2315;4,186415183
2316;4,11751891
2317;3,982084322
2318;4,097537447
2319;3,855006154
2320;3,959268198
2321;3,836914688
2322;3,745873439
2323;3,827162425
2324;3,586658663
2325;3,713009579
2326;3,545147645
2327;3,504250598
2328;3,545048496
2329;3,322790666
2330;3,461743077
2331;3,259500196
2332;3,270979608
2333;3,267796411
2334;3,078729187
2335;3,21992239
2336;2,996849547
2337;3,059287107
2338;3,011738598
2339;2,868509906
2340;3,00145968
2341;2,772605423
2342;2,881054799
2343;2,791912209
2344;2,704009252
2345;2,818864169
2346;2,599741288
2347;2,746095149
2348;2,621110723
2349;2,594214227
2350;2,682464105
2351;2,487980025
2352;2,661554561
2353;2,509074036
2354;2,544674761
2355;2,599760509
2356;2,443185264
2357;2,631480216
2358;2,461868387
2359;2,557171893
2360;2,574953153
2361;2,466996482
2362;2,656576724
2363;2,48149572
2364;2,629621462
2365;2,608668804
2366;2,556730598
2367;2,734167136
2368;2,565757684
2369;2,756218308
2370;2,697909351
2371;2,705555925
2372;2,858360416
2373;2,708383562
2374;2,927810972
2375;2,836223968
2376;2,902927173
2377;3,020414872
2378;2,899414777
2379;3,132482655
2380;3,014095597
2381;3,135253744
2382;3,209275175
2383;3,125822449
2384;3,35630147
2385;3,219518748
2386;3,386758872
2387;3,412250005
2388;3,372319729
2389;3,584192687
2390;3,438733672
2391;3,640475217
2392;3,6157889
2393;3,62231823
2394;3,800878322
2395;3,657072119
2396;3,879313969
2397;3,806310856
2398;3,858968693
2399;3,991825491
2400;3,859862779
2401;4,087140018
2402;3,971034126
2403;4,066220524
2404;4,144144671
2405;4,033340579
2406;4,249785441
2407;4,098756676
2408;4,229833485
2409;4,247382403
2410;4,165503498
2411;4,355937582
2412;4,18053974
2413;4,338277697
2414;4,294159749
2415;4,246863564
2416;4,397846004
2417;4,210252915
2418;4,383464955
2419;4,28061763
2420;4,271045006
2421;4,371804106
2422;4,18494763
2423;4,36126488
2424;4,206642285
2425;4,235191803
2426;4,27837549
2427;4,105036324
2428;4,271772904
2429;4,075857861
2430;4,140158498
2431;4,122351281
2432;3,974266473
2433;4,119312613
2434;3,895387603
2435;3,990471507
2436;3,912441601
2437;3,799491124
2438;3,912171766
2439;3,675399445
2440;3,794062296
2441;3,660721118
2442;3,590249936
2443;3,662088023
2444;3,428465064
2445;3,561788015
2446;3,381864058
2447;3,358186293
2448;3,383516325
2449;3,168772855
2450;3,306768418
2451;3,092217233
2452;3,116336019
2453;3,09272365
2454;2,911244152
2455;3,043579466
2456;2,80876976
2457;2,878331015
2458;2,806767899
2459;2,670607746
2460;2,787353096
2461;2,548084483
2462;2,657566365
2463;2,542425085
2464;2,460490101
2465;2,552838706
2466;2,325258423
2467;2,466381657
2468;2,315132378
2469;2,292577398
2470;2,353484555
2471;2,152977564
2472;2,315306439
2473;2,138013702
2474;2,175900883
2475;2,200596297
2476;2,0407252
2477;2,212415828
2478;2,021049495
2479;2,116289092
2480;2,102625347
2481;1,994193284
2482;2,162835629
2483;1,970443252
2484;2,116020074
2485;2,064631924
2486;2,014933299
2487;2,168427226
2488;1,988225141
2489;2,173694201
2490;2,087956989
2491;2,100268034
2492;2,227671584
2493;2,072118092
2494;2,284334457
2495;2,170124388
2496;2,24346917
2497;2,335759606
2498;2,215675222
2499;2,439707063
2500;2,304980327
2501;2,434188864
2502;2,484883508
2503;2,408680349
2504;2,6288417
2505;2,483062511
2506;2,65911756
2507;2,664711628
2508;2,637786709
2509;2,83871842
2510;2,692176946
2511;2,902826132
2512;2,863017908
2513;2,887353935
2514;3,055078199
2515;2,918147341
2516;3,14873896
2517;3,066427809
2518;3,140430737
2519;3,263306658
2520;3,145691155
2521;3,380176496
2522;3,261235274
2523;3,379821497
2524;3,449336215
2525;3,35936817
2526;3,581401641
2527;3,434240993
2528;3,589169554
2529;3,600511029
2530;3,54454275
2531;3,738604236
2532;3,573560794
2533;3,753988855
2534;3,706361649
2535;3,688299791
2536;3,840762033
2537;3,669354797
2538;3,862578791
2539;3,759242049
2540;3,780256996
2541;3,880324449
2542;3,714432648
2543;3,906764357
2544;3,754790429
2545;3,81322233
2546;3,853676711
2547;3,70469769
2548;3,882414726
2549;3,692186156
2550;3,78365494
2551;3,761355903
2552;3,639402641
2553;3,789707271
2554;3,574187864
2555;3,691899915
2556;3,608006089
2557;3,521200832
2558;3,633120133
2559;3,40695126
2560;3,542181282
2561;3,402076121
2562;3,355989473
2563;3,421153526
2564;3,199638699
2565;3,342352646
2566;3,155279858
2567;3,152554126
2568;3,16579715
2569;2,963845374
2570;3,103420072
2571;2,881853371
2572;2,922035709
2573;2,881777095
2574;2,71287805
2575;2,838866069
2576;2,597656339
2577;2,677252246
2578;2,585629613
2579;2,460931248
2580;2,563816146
2581;2,319174458
2582;2,431916519
2583;2,294660079
2584;2,222211834
2585;2,294099416
2586;2,062485679
2587;2,199797253
2588;2,025852789
2589;2,010065949
2590;2,045261588
2591;1,84225519
2592;1,993875008
2593;1,79480036
2594;1,836161855
2595;1,831591915
2596;1,67082199
2597;1,825544446
2598;1,614720342
2599;1,709778604
2600;1,665225044
2601;1,557433968
2602;1,703911897
2603;1,495621146
2604;1,637243789
2605;1,555374318
2606;1,507678893
2607;1,635231496
2608;1,443670014
2609;1,621554287
2610;1,507745032
2611;1,523146269
2612;1,622514784
2613;1,460803017
2614;1,662202606
2615;1,524165115
2616;1,601340448
2617;1,665338146
2618;1,544601783
2619;1,755218728
2620;1,602457223
2621;1,735849544
2622;1,759860453
2623;1,688444835
2624;1,893424139
2625;1,736561196
2626;1,916758709
2627;1,899050403
2628;1,881924053
2629;2,066881749
2630;1,916900173
2631;2,131281038
2632;2,073110249
2633;2,111500038
2634;2,263513472
2635;2,130968347
2636;2,364565874
2637;2,270070503
2638;2,361355065
2639;2,469847098
2640;2,364104368
2641;2,600633329
2642;2,476519658
2643;2,614389799
2644;2,671846298
2645;2,600402591
2646;2,823376125
2647;2,678424582
2648;2,853300885
2649;2,855772707
2650;2,823705543
2651;3,017565905
2652;2,86199151
2653;3,061671411
2654;3,009027216
2655;3,018615654
2656;3,169801096
2657;3,014514921
2658;3,225005402
2659;3,120919082
2660;3,171462846
2661;3,269337323
2662;3,125162133
2663;3,331641087
2664;3,18331604
2665;3,271167118
2666;3,308748949
2667;3,185645213
2668;3,373485301
2669;3,191136003
2670;3,309941597
2671;3,284381058
2672;3,190738538
2673;3,346522717
2674;3,142650782
2675;3,283791359
2676;3,196564472
2677;3,138609679
2678;3,251067823
2679;3,039583777
2680;3,192775987
2681;3,049581285
2682;3,030942612
2683;3,091743825
2684;2,886996274
2685;3,041018539
2686;2,851384032
2687;2,872844949
2688;2,877189882
2689;2,692969863
2690;2,836459491
2691;2,613086985
2692;2,672544131
2693;2,619515268
2694;2,468104938
2695;2,590370233
2696;2,348262205
2697;2,440890493
2698;2,333535002
2699;2,224866386
2700;2,316655863
2701;2,072085014
2702;2,190697098
2703;2,035835273
2704;1,976816827
2705;2,030990381
2706;1,800382789
2707;1,935956358
2708;1,74372772
2709;1,737784482
2710;1,749838067
2711;1,54864674
2712;1,690981235
2713;1,474158605
2714;1,521016658
2715;1,48942219
2716;1,331068421
2717;1,469523624
2718;1,242641697
2719;1,338370533
2720;1,26470569
2721;1,159660894
2722;1,283924165
2723;1,06228219
2724;1,19959055
2725;1,088447967
2726;1,043518958
2727;1,144346001
2728;0,94295313
2729;1,111716338
2730;0,970397325
2731;0,988263922
2732;1,058140057
2733;0,890676187
2734;1,078656993
2735;0,916670281
2736;0,995706743
2737;1,029381498
2738;0,907245639
2739;1,100957362
2740;0,929357347
2741;1,063749581
2742;1,058606659
2743;0,990119075
2744;1,175770209
2745;1,006380791
2746;1,186530908
2747;1,142767463
2748;1,132581445
2749;1,297035571
2750;1,141614068
2751;1,354804117
2752;1,275407044
2753;1,324171857
2754;1,455855986
2755;1,325256179
2756;1,556525113
2757;1,447046614
2758;1,55134591
2759;1,64104439
2760;1,544438165
2761;1,777611448
2762;1,645760555
2763;1,798331583
2764;1,839810974
2765;1,784024201
2766;2,002825102
2767;1,857904978
2768;2,048124472
2769;2,038546919
2770;2,027557447
2771;2,2167235
2772;2,068955355
2773;2,283559495
2774;2,223657082
2775;2,258291493
2776;2,404619406
2777;2,264401906
2778;2,488391415
2779;2,382390806
2780;2,460242707
2781;2,553490024
2782;2,430647591
2783;2,648316069
2784;2,50362022
2785;2,619197266
2786;2,652779063
2787;2,555853189
2788;2,75186803
2789;2,57851864
2790;2,723609347
2791;2,695042449
2792;2,630676936
2793;2,79113831
2794;2,601097854
2795;2,765333612
2796;2,676398274
2797;2,648862484
2798;2,762267143
2799;2,568571694
2800;2,740145421
2801;2,596753919
2802;2,60763814
2803;2,665681145
2804;2,481523886
2805;2,648015479
2806;2,45979722
2807;2,507901842
2808;2,506060293
2809;2,343870146
2810;2,49312099
2811;2,272753262
2812;2,354179477
2813;2,292037251
2814;2,162616981
2815;2,283591981
2816;2,04592289
2817;2,154358163
2818;2,035648399
2819;1,947432035
2820;2,03100815
2821;1,792032504
2822;1,919210038
2823;1,751571582
2824;1,710052284
2825;1,749677343
2826;1,525436236
2827;1,661735177
2828;1,45619892
2829;1,463566223
2830;1,455740663
2831;1,261220588
2832;1,396363607
2833;1,166603375
2834;1,221613841
2835;1,166160193
2836;1,014267397
2837;1,138065321
2838;0,89946432
2839;0,99755317
2840;0,897652904
2841;0,798333333
2842;0,901423113
2843;0,670019816
2844;0,8036442
2845;0,665637835
2846;0,625202811
2847;0,699725638
2848;0,491111506
2849;0,650299893
2850;0,483262938
2851;0,50396643
2852;0,544137105
2853;0,372382028
2854;0,545449936
2855;0,360573132
2856;0,440469019
2857;0,442995524
2858;0,319675167
2859;0,494056014
2860;0,30387228
2861;0,436960669
2862;0,401283653
2863;0,334676041
2864;0,497808154
2865;0,315319736
2866;0,491971458
2867;0,420306315
2868;0,414813471
2869;0,555020692
2870;0,392787332
2871;0,600416626
2872;0,49759503
2873;0,55343009
2874;0,660734255
2875;0,529986326
2876;0,753924694
2877;0,627046908
2878;0,740208911
2879;0,807017622
2880;0,716856788
2881;0,941367301
2882;0,799290178
2883;0,961828936
2884;0,983451151
2885;0,940195343
2886;1,149557155
2887;1,002254616
2888;1,202808075
2889;1,177762391
2890;1,184482068
2891;1,364070285
2892;1,22191226
2893;1,446479915
2894;1,376575235
2895;1,432854727
2896;1,570141311
2897;1,443143047
2898;1,676042635
2899;1,566226994
2900;1,668169121
2901;1,753576178
2902;1,650672014
2903;1,875613968
2904;1,733603624
2905;1,874078784
2906;1,90162598
2907;1,83001999
2908;2,031225877
2909;1,866942176
2910;2,036065947
2911;2,003768153
2912;1,968408619
2913;2,131696623
2914;1,956551484
2915;2,142358634
2916;2,052347276
2917;2,055563091
2918;2,169325741
2919;1,99540703
2920;2,184675871
2921;2,04303658
2922;2,084362123
2923;2,140368741
2924;1,979583547
2925;2,158753737
2926;1,975092487
2927;2,051293971
2928;2,045262294
2929;1,908498751
2930;2,064618777
2931;1,851387376
2932;1,956689217
2933;1,888586462
2934;1,784953073
2935;1,906591193
2936;1,678219475
2937;1,804714839
2938;1,678767043
2939;1,614962679
2940;1,693017279
2941;1,464912515
2942;1,60312891
2943;1,427537464
2944;1,407395666
2945;1,435747669
2946;1,223230652
2947;1,362810215
2948;1,149194662
2949;1,173433326
2950;1,14939403
2951;0,966645417
2952;1,097091198
2953;0,859696257
2954;0,925889102
2955;0,850410885
2956;0,709500379
2957;0,820935065
2958;0,575656114
2959;0,67842659
2960;0,556060323
2961;0,466125313
2962;0,55000777
2963;0,313301631
2964;0,444724172
2965;0,283324836
2966;0,24995452
2967;0,299702448
2968;0,087458233
2969;0,237637246
2970;0,047836841
2971;0,072703489
2972;0,084177032
2973;-0,089375287
2974;0,068409235
2975;-0,137107517
2976;-0,056345766
2977;-0,084534705
2978;-0,207802913
2979;-0,054020267
2980;-0,261387974
2981;-0,130907192
2982;-0,197282826
2983;-0,262110831
2984;-0,12356772
2985;-0,318700051
2986;-0,148067086
2987;-0,248383568
2988;-0,250614448
2989;-0,137384127
2990;-0,306954721
2991;-0,108451963
2992;-0,235987198
2993;-0,17575199
2994;-0,096036252
2995;-0,228412441
2996;-0,01617843
2997;-0,162207497
2998;-0,043919661
2999;-0,003478999
3000;-0,089542934
3001;0,121411078
3002;-0,033003805
3003;0,13494049
3004;0,133179856
3005;0,099380599
3006;0,294209651
3007;0,142177986
3008;0,347973336
3009;0,304108713
3010;0,324927353
3011;0,489975355
3012;0,350983982
3013;0,580223728
3014;0,497349191
3015;0,571354231
3016;0,695089548
3017;0,578915014
3018;0,815578312
3019;0,699545054
3020;0,821597315
3021;0,895397142
3022;0,810226516
3023;1,037776715
3024;0,896758726
3025;1,058346975
3026;1,077076994
3027;1,028909705
3028;1,231428587
3029;1,075325592
3030;1,265138769
3031;1,227489022
3032;1,219692903
3033;1,382972829
3034;1,222693849
3035;1,427391307
3036;1,335946201
3037;1,369000343
3038;1,481519218
3039;1,32819836
3040;1,533325521
3041;1,394364457
3042;1,465808177
3043;1,519520204
3044;1,383720865
3045;1,574707341
3046;1,397751035
3047;1,502343642
3048;1,49323149
3049;1,384195711
3050;1,547366847
3051;1,344502012
3052;1,474582949
3053;1,402933361
3054;1,32792958
3055;1,451461141
3056;1,236491344
3057;1,382515921
3058;1,252899823
3059;1,216715011
3060;1,29146433
3061;1,078946666
3062;1,230159906
3063;1,051118395
3064;1,055730086
3065;1,07588527
3066;0,880120117
3067;1,025321187
3068;0,808779007
3069;0,853229732
3070;0,81673091
3071;0,650774934
3072;0,779117924
3073;0,5395648
3074;0,620046912
3075;0,528749129
3076;0,403519781
3077;0,505293726
3078;0,258789853
3079;0,368933707
3080;0,228498907
3081;0,152031934
3082;0,219364192
3083;-0,017561722
3084;0,113782238
3085;-0,06669347
3086;-0,089782853
3087;-0,062350601
3088;-0,273834969
3089;-0,1312271
3090;-0,339826261
3091;-0,3086423
3092;-0,323747281
3093;-0,495679053
3094;-0,352497966
3095;-0,57529327
3096;-0,492699273
3097;-0,549950107
3098;-0,670937266
3099;-0,53785738
3100;-0,759866433
3101;-0,632263705
3102;-0,7282481
3103;-0,790396895
3104;-0,677310248
3105;-0,883528024
3106;-0,720390903
3107;-0,848899233
3108;-0,848352742
3109;-0,763662342
3110;-0,940100063
3111;-0,753300651
3112;-0,905750735
3113;-0,842949916
3114;-0,79297291
3115;-0,92763133
3116;-0,730601947
3117;-0,896635888
3118;-0,776285395
3119;-0,76480838
3120;-0,848517713
3121;-0,655310104
3122;-0,82352166
3123;-0,654263039
3124;-0,682280788
3125;-0,709348465
3126;-0,533655674
3127;-0,69239709
3128;-0,486212053
3129;-0,551867726
3130;-0,520488282
3131;-0,374697306
3132;-0,512908599
3133;-0,284293662
3134;-0,383024062
3135;-0,295421739
3136;-0,1897626
3137;-0,297764372
3138;-0,062733799
3139;-0,187608561
3140;-0,049901635
3141;0,00824857
3142;-0,061944555
3143;0,1630697
3144;0,020839972
3145;0,199044885
3146;0,205655486
3147;0,178233675
3148;0,377509303
3149;0,227932944
3150;0,434189616
3151;0,388834302
3152;0,406137764
3153;0,565739233
3154;0,419317841
3155;0,639188246
3156;0,545050875
3157;0,605864159
3158;0,714595685
3159;0,581565222
3160;0,799608542
3161;0,663237925
3162;0,763239761
3163;0,813408807
3164;0,703002078
3165;0,903837023
3166;0,734669232
3167;0,866717289
3168;0,8546564
3169;0,774439861
3170;0,943807072
3171;0,753489921
3172;0,908107916
3173;0,83441939
3174;0,789751764
3175;0,915502821
3176;0,717070736
3177;0,883104582
3178;0,752611609
3179;0,746262934
3180;0,819207295
3181;0,626164962
3182;0,791562472
3183;0,612970565
3184;0,644928714
3185;0,659479516
3186;0,484858692
3187;0,63751832
3188;0,422810811
3189;0,490289003
3190;0,444862355
3191;0,300317744
3192;0,428946631
3193;0,192556241
3194;0,290200604
3195;0,187339909
3196;0,082346895
3197;0,177267468
3198;-0,064918689
3199;0,055363181
3200;-0,098421053
3201;-0,157211491
3202;-0,103363834
3203;-0,335097124
3204;-0,20133271
3205;-0,395997462
3206;-0,405202632
3207;-0,396940859
3208;-0,602726544
3209;-0,465595903
3210;-0,688245533
3211;-0,647963975
3212;-0,686608925
3213;-0,852767421
3214;-0,722614881
3215;-0,958380154
3216;-0,872160229
3217;-0,955723649
3218;-1,071324775
3219;-0,95797383
3220;-1,191030018
3221;-1,065597861
3222;-1,188898701
3223;-1,246504958
3224;-1,158547899
3225;-1,373202093
3226;-1,217969451
3227;-1,372976679
3228;-1,369144902
3229;-1,313322058
3230;-1,495094839
3231;-1,321482574
3232;-1,497861765
3233;-1,43336919
3234;-1,414082442
3235;-1,550709239
3236;-1,371334955
3237;-1,557161347
3238;-1,436941206
3239;-1,455936744
3240;-1,53821953
3241;-1,366007003
3242;-1,548595751
3243;-1,38138752
3244;-1,43763062
3245;-1,460080746
3246;-1,307353952
3247;-1,474149728
3248;-1,2718888
3249;-1,361639565
3250;-1,322866795
3251;-1,200492053
3252;-1,339955614
3253;-1,116945017
3254;-1,234029588
3255;-1,136849794
3256;-1,053485771
3257;-1,155914947
3258;-0,92783666
3259;-1,064094305
3260;-0,915347641
3261;-0,876855062
3262;-0,935081863
3263;-0,717916156
3264;-0,863790027
3265;-0,673881356
3266;-0,682932763
3267;-0,692846691
3268;-0,501774083
3269;-0,647003056
3270;-0,429195603
3271;-0,485111235
3272;-0,445970812
3273;-0,294332242
3274;-0,428693983
3275;-0,198204305
3276;-0,297024156
3277;-0,211533386
3278;-0,109919962
3279;-0,223971668
3280;0,003072171
3281;-0,131713325
3282;-0,005856205
3283;0,038609207
3284;-0,047154165
3285;0,160511388
3286;-0,000831253
3287;0,156525562
3288;0,140666044
3289;0,089125024
3290;0,262771745
3291;0,086071816
3292;0,263781716
3293;0,188571159
3294;0,17470958
3295;0,301998701
3296;0,122132934
3297;0,307536361
3298;0,178018234
3299;0,20256208
3300;0,27431031
3301;0,10359778
3302;0,28340065
3303;0,108327172
3304;0,169214194
3305;0,180032096
3306;0,030052468
3307;0,191255012
3308;-0,01752753
3309;0,074996476
3310;0,023667126
3311;-0,095548467
3312;0,03526263
3313;-0,193113989
3314;-0,075967502
3315;-0,186396199
3316;-0,267059789
3317;-0,176387066
3318;-0,408952591
3319;-0,276003367
3320;-0,43841958
3321;-0,475518368
3322;-0,431989116
3323;-0,653111953
3324;-0,514350413
3325;-0,718059238
3326;-0,709688526
3327;-0,717056086
3328;-0,911953649
3329;-0,777820347
3330;-1,009271994
3331;-0,95674687
3332;-1,015227521
3333;-1,170979216
3334;-1,051610066
3335;-1,295325672
3336;-1,203064962
3337;-1,30929862
3338;-1,415726831
3339;-1,320218441
3340;-1,559850109
3341;-1,435042222
3342;-1,58230339
3343;-1,632662237
3344;-1,568410339
3345;-1,787862656
3346;-1,639938259
3347;-1,818583976
3348;-1,810009109
3349;-1,782167951
3350;-1,966703883
3351;-1,806653817
3352;-2,004778667
3353;-1,938467996
3354;-1,949569966
3355;-2,086825006
3356;-1,926412571
3357;-2,130666134
3358;-2,011780076
3359;-2,061543402
3360;-2,142378063
3361;-1,993301951
3362;-2,189812462
3363;-2,027101675
3364;-2,112440601
3365;-2,131572372
3366;-2,004639701
3367;-2,179979935
3368;-1,985167295
3369;-2,100404611
3370;-2,056775632
3371;-1,96114347
3372;-2,103271545
3373;-1,890231955
3374;-2,027499228
3375;-1,924354061
3376;-1,866892673
3377;-1,966001859
3378;-1,749797303
3379;-1,899594596
3380;-1,744262429
3381;-1,729084551
3382;-1,778302154
3383;-1,574139143
3384;-1,726014502
3385;-1,529410443
3386;-1,557598898
3387;-1,553484528
3388;-1,375666203
3389;-1,51896642
3390;-1,294845901
3391;-1,364397681
3392;-1,307204945
3393;-1,168150154
3394;-1,292789069
3395;-1,05680642
3396;-1,162795884
3397;-1,05647789
3398;-0,965874653
3399;-1,063063804
3400;-0,83169955
3401;-0,9666479
3402;-0,818604737
3403;-0,782755949
3404;-0,845644872
3405;-0,635075427
3406;-0,789499056
3407;-0,610083415
3408;-0,6314891
3409;-0,655668907
3410;-0,480656337
3411;-0,643754109
3412;-0,445568196
3413;-0,522772099
3414;-0,506605571
3415;-0,379483771
3416;-0,539913666
3417;-0,336945273
3418;-0,464655188
3419;-0,409408944
3420;-0,339235996
3421;-0,485925464
3422;-0,292582554
3423;-0,462054818
3424;-0,371823204
3425;-0,363758274
3426;-0,486690544
3427;-0,316801077
3428;-0,51646143
3429;-0,397886692
3430;-0,452834401
3431;-0,543755012
3432;-0,409601501
3433;-0,625858318
3434;-0,487666205
3435;-0,602213037
3436;-0,655206767
3437;-0,566663017
3438;-0,784855765
3439;-0,63723906
3440;-0,803886266
3441;-0,815784154
3442;-0,779614808
3443;-0,985031538
3444;-0,838925003
3445;-1,046602078
3446;-1,017190462
3447;-1,036562993
3448;-1,215456156
3449;-1,081754395
3450;-1,316577884
3451;-1,248595623
3452;-1,322839824
3453;-1,463370185
3454;-1,352144196
3455;-1,598369719
3456;-1,497294899
3457;-1,621927877
3458;-1,714971581
3459;-1,634740157
3460;-1,875842233
3461;-1,749484627
3462;-1,916500921
3463;-1,956264562
3464;-1,913373008
3465;-2,133178465
3466;-1,991107778
3467;-2,189515759
3468;-2,173917866
3469;-2,172069087
3470;-2,355866173
3471;-2,208717655
3472;-2,425286151
3473;-2,356079874
3474;-2,396052193
3475;-2,531599161
3476;-2,390306738
3477;-2,610471032
3478;-2,493100867
3479;-2,572673766
3480;-2,651037663
3481;-2,526049643
3482;-2,734914668
3483;-2,578118548
3484;-2,692212757
3485;-2,708380801
3486;-2,608914264
3487;-2,792285791
3488;-2,60747142
3489;-2,748494496
3490;-2,701716132
3491;-2,63510307
3492;-2,780475397
3493;-2,580915255
3494;-2,73928909
3495;-2,633125306
3496;-2,604296832
3497;-2,701728205
3498;-2,501629973
3499;-2,666463535
3500;-2,508540196
3501;-2,519685095
3502;-2,562499574
3503;-2,376017085
3504;-2,53587716
3505;-2,337359467
3506;-2,387780749
3507;-2,373047003
3508;-2,213300623
3509;-2,35702608
3510;-2,131850426
3511;-2,218029325
3512;-2,146782134
3513;-2,024956456
3514;-2,142458154
3515;-1,906374322
3516;-2,02223631
3517;-1,899424239
3518;-1,824005255
3519;-1,906994447
3520;-1,676484088
3521;-1,813847055
3522;-1,648008725
3523;-1,624212629
3524;-1,66680547
3525;-1,45795129
3526;-1,607123081
3527;-1,409813275
3528;-1,439245469
3529;-1,438399812
3530;-1,265783188
3531;-1,416265126
3532;-1,201269437
3533;-1,281836095
3534;-1,237588441
3535;-1,113291193
3536;-1,254536773
3537;-1,036928306
3538;-1,163005216
3539;-1,078489721
3540;-1,011268528
3541;-1,13344269
3542;-0,928545503
3543;-1,091390966
3544;-0,972637855
3545;-0,967327849
3546;-1,062012359
3547;-0,884343062
3548;-1,072724753
3549;-0,928251127
3550;-0,985439393
3551;-1,046233905
3552;-0,90849462
3553;-1,109485588
3554;-0,949706475
3555;-1,065697573
3556;-1,08867355
3557;-1,000866161
3558;-1,200753647
3559;-1,037254072
3560;-1,204329569
3561;-1,188304932
3562;-1,157028425
3563;-1,342271619
3564;-1,186990585
3565;-1,39394439
3566;-1,340559668
3567;-1,368539917
3568;-1,52670974
3569;-1,391093562
3570;-1,624005884
3571;-1,537596963
3572;-1,623482376
3573;-1,744117997
3574;-1,638302942
3575;-1,881499346
3576;-1,768776484
3577;-1,907214682
3578;-1,982537647
3579;-1,914620107
3580;-2,151749471
3581;-2,021306151
3582;-2,203297406
3583;-2,228734516
3584;-2,204181063
3585;-2,419338177
3586;-2,281025499
3587;-2,494529524
3588;-2,469009192
3589;-2,490249266
3590;-2,669064852
3591;-2,533276771
3592;-2,764031816
3593;-2,690034649
3594;-2,75626592
3595;-2,886889204
3596;-2,763810215
3597;-2,996308604
3598;-2,879670174
3599;-2,986891747
3600;-3,06079825
3601;-2,959667729
3602;-3,178220961
3603;-3,027702051
3604;-3,168974594
3605;-3,181543958
3606;-3,109990065
3607;-3,299810191
3608;-3,126465915
3609;-3,29238177
3610;-3,243206308
3611;-3,206697313
3612;-3,354919915
3613;-3,171312987
3614;-3,350644294
3615;-3,24354763
3616;-3,244999953
3617;-3,341577886
3618;-3,160891901
3619;-3,341372037
3620;-3,184137111
3621;-3,223708117
3622;-3,262113848
3623;-3,097229128
3624;-3,26641301
3625;-3,070238784
3626;-3,14531901
3627;-3,123006461
3628;-2,985603215
3629;-3,131746161
3630;-2,910470947
3631;-3,015876117
3632;-2,934469352
3633;-2,834220672
3634;-2,947113788
3635;-2,71625914
3636;-2,844607925
3637;-2,709802848
3638;-2,653713345
3639;-2,725416152
3640;-2,501117453
3641;-2,643367623
3642;-2,464552581
3643;-2,456488004
3644;-2,481905879
3645;-2,279803436
3646;-2,425907649
3647;-2,215528322
3648;-2,255967837
3649;-2,233232499
3650;-2,067399501
3651;-2,207033394
3652;-1,979745045
3653;-2,065772091
3654;-1,996397023
3655;-1,878377984
3656;-2,001688061
3657;-1,773353043
3658;-1,898883896
3659;-1,787682266
3660;-1,725707812
3661;-1,824025192
3662;-1,61062444
3663;-1,766856949
3664;-1,621626317
3665;-1,620057851
3666;-1,686526428
3667;-1,503059768
3668;-1,679109445
3669;-1,510103951
3670;-1,569145796
3671;-1,599219491
3672;-1,458670585
3673;-1,642348252
3674;-1,461574148
3675;-1,577272212
3676;-1,569045439
3677;-1,481482893
3678;-1,660158487
3679;-1,48054147
3680;-1,64506774
3681;-1,599415181
3682;-1,571292119
3683;-1,732783511
3684;-1,567265692
3685;-1,769468141
3686;-1,689983653
3687;-1,723684527
3688;-1,857108839
3689;-1,71773844
3690;-1,943917742
3691;-1,836656662
3692;-1,930323112
3693;-2,026851029
3694;-1,923928809
3695;-2,158787729
3696;-2,031830992
3697;-2,179479397
3698;-2,232940124
3699;-2,174282932
3700;-2,401982508
3701;-2,264853851
3702;-2,456777125
3703;-2,464072452
3704;-2,454446419
3705;-2,65969592
3706;-2,522674028
3707;-2,746100583
3708;-2,707400195
3709;-2,748164459
3710;-2,917269975
3711;-2,79064505
3712;-3,030610085
3713;-2,949315766
3714;-3,038303091
3715;-3,160102698
3716;-3,053430983
3717;-3,293800503
3718;-3,176283247
3719;-3,307927396
3720;-3,37454889
3721;-3,295958894
3722;-3,520536243
3723;-3,375666203
3724;-3,541368669
3725;-3,548758279
3726;-3,504358834
3727;-3,697997689
3728;-3,536501381
3729;-3,725213213
3730;-3,673399681
3731;-3,666832685
3732;-3,816479897
3733;-3,650171009
3734;-3,849150264
3735;-3,742227026
3736;-3,774397412
3737;-3,869993754
3738;-3,71093256
3739;-3,906625341
3740;-3,75245303
3741;-3,821455806
3742;-3,856632386
3743;-3,716273459
3744;-3,895257536
3745;-3,704908332
3746;-3,806158388
3747;-3,778680459
3748;-3,667068837
3749;-3,816994116
3750;-3,603977163
3751;-3,730532991
3752;-3,642460197
3753;-3,567532427
3754;-3,677992361
3755;-3,457314461
3756;-3,600372942
3757;-3,457924552
3758;-3,424963262
3759;-3,488235778
3760;-3,275362712
3761;-3,424889784
3762;-3,238023771
3763;-3,249303327
3764;-3,260908617
3765;-3,07069909
3766;-3,216151242
3767;-2,997885761
3768;-3,05253286
3769;-3,011567911
3770;-2,85725371
3771;-2,988338604
3772;-2,753862227
3773;-2,847939949
3774;-2,757165095
3775;-2,649447597
3776;-2,756869166
3777;-2,522500818
3778;-2,649308831
3779;-2,514978805
3780;-2,46130368
3781;-2,537437998
3782;-2,319507976
3783;-2,47007633
3784;-2,301526145
3785;-2,305585532
3786;-2,345038584
3787;-2,158767535
3788;-2,322507956
3789;-2,131521115
3790;-2,193016685
3791;-2,193023484
3792;-2,051476444
3793;-2,216944054
3794;-2,016945985
3795;-2,131628131
3796;-2,092263896
3797;-2,005451416
3798;-2,161162288
3799;-1,966294324
3800;-2,126273589
3801;-2,050461112
3802;-2,024649405
3803;-2,159895694
3804;-1,984033568
3805;-2,178341651
3806;-2,071653544
3807;-2,108931279
3808;-2,214536156
3809;-2,07032121
3810;-2,285681723
3811;-2,155950962
3812;-2,254082703
3813;-2,32304191
3814;-2,220992672
3815;-2,442747507
3816;-2,299513505
3817;-2,452090055
3818;-2,480055223
3819;-2,427821776
3820;-2,640948413
3821;-2,494777743
3822;-2,691653271
3823;-2,677223588
3824;-2,679037515
3825;-2,869186594
3826;-2,730916635
3827;-2,95890269
3828;-2,9037053
3829;-2,960064602
3830;-3,114545999
3831;-2,994505502
3832;-3,238274332
3833;-3,146828931
3834;-3,254441168
3835;-3,36309068
3836;-3,2703531
3837;-3,513488283
3838;-3,39286673
3839;-3,544855727
3840;-3,600723035
3841;-3,542446386
3842;-3,768568602
3843;-3,62787487
3844;-3,814237989
3845;-3,814049206
3846;-3,794950209
3847;-3,988840793
3848;-3,838549223
3849;-4,046834697
3850;-3,991198614
3851;-4,013199483
3852;-4,161844541
3853;-4,013044246
3854;-4,229202574
3855;-4,122547574
3856;-4,184621616
3857;-4,27810492
3858;-4,141704634
3859;-4,351055685
3860;-4,201303038
3861;-4,299531102
3862;-4,331714379
3863;-4,217664593
3864;-4,405913743
3865;-4,223911176
3866;-4,351745957
3867;-4,320689814
3868;-4,237277539
3869;-4,391510409
3870;-4,19026636
3871;-4,33898669
3872;-4,247083239
3873;-4,200349314
3874;-4,309935839
3875;-4,103708394
3876;-4,263031948
3877;-4,116840061
3878;-4,110159957
3879;-4,167504488
3880;-3,970808814
3881;-4,129620217
3882;-3,939414753
3883;-3,97327199
3884;-3,974356551
3885;-3,800959967
3886;-3,948102797
3887;-3,727168855
3888;-3,799136298
3889;-3,743818227
3890;-3,605792581
3891;-3,730868959
3892;-3,494589716
3893;-3,599519106
3894;-3,491561247
3895;-3,398457923
3896;-3,492578551
3897;-3,257379442
3898;-3,387784681
3899;-3,234614734
3900;-3,192818816
3901;-3,249249573
3902;-3,031471413
3903;-3,178077335
3904;-2,990291812
3905;-3,002599183
3906;-3,0172575
3907;-2,832036019
3908;-2,984452699
3909;-2,775098711
3910;-2,84054421
3911;-2,812308912
3912;-2,672537686
3913;-2,820011512
3914;-2,603695212
3915;-2,717642384
3916;-2,648453823
3917;-2,563901801
3918;-2,69608925
3919;-2,487971992
3920;-2,642456775
3921;-2,537198876
3922;-2,513843047
3923;-2,621551691
3924;-2,43630302
3925;-2,620606109
3926;-2,486777489
3927;-2,526396366
3928;-2,60224017
3929;-2,453020057
3930;-2,654426952
3931;-2,501623329
3932;-2,601678977
3933;-2,64060128
3934;-2,538142284
3935;-2,742837211
3936;-2,582080871
3937;-2,73589733
3938;-2,735524524
3939;-2,687377929
3940;-2,881408807
3941;-2,724372006
3942;-2,921597572
3943;-2,882398735
3944;-2,892397595
3945;-3,062644628
3946;-2,920821606
3947;-3,148142918
3948;-3,073384638
3949;-3,141361845
3950;-3,276442425
3951;-3,160328687
3952;-3,40238728
3953;-3,297887587
3954;-3,419669544
3955;-3,510716968
3956;-3,429054276
3957;-3,6695024
3958;-3,543202129
3959;-3,710879596
3960;-3,752142185
3961;-3,711283393
3962;-3,933906374
3963;-3,795289287
3964;-3,997747756
3965;-3,986967795
3966;-3,990407437
3967;-4,180235376
3968;-4,039639141
3969;-4,263313072
3970;-4,201860494
3971;-4,249965523
3972;-4,39429796
3973;-4,262165785
3974;-4,491965361
3975;-4,384718353
3976;-4,474679415
3977;-4,563952665
3978;-4,450079513
3979;-4,670426474
3980;-4,525408808
3981;-4,651416901
3982;-4,679854693
3983;-4,592682274
3984;-4,788583574
3985;-4,616385384
3986;-4,770022766
3987;-4,736025809
3988;-4,682036902
3989;-4,840122077
3990;-4,653145712
3991;-4,823964684
3992;-4,730212804
3993;-4,713468235
3994;-4,822918607
3995;-4,634503167
3996;-4,810752859
3997;-4,664013161
3998;-4,68586442
3999;-4,739169513
4000;-4,562655808
4001;-4,732106357
4002;-4,542761123
4003;-4,601758933
4004;-4,595247201
4005;-4,443048661
4006;-4,593855001
4007;-4,375182256
4008;-4,467187308
4009;-4,401293697
4010;-4,284038
4011;-4,405582301
4012;-4,172838968
4013;-4,291326476
4014;-4,170577442
4015;-4,096378282
4016;-4,180031232
4017;-3,949402275
4018;-4,085938121
4019;-3,91865419
4020;-3,892563186
4021;-3,93230971
4022;-3,719795763
4023;-3,864649679
4024;-3,662385161
4025;-3,686061052
4026;-3,678945297
4027;-3,499265376
4028;-3,642116827
4029;-3,418874528
4030;-3,490491383
4031;-3,436848345
4032;-3,30243304
4033;-3,433118843
4034;-3,204393286
4035;-3,318792649
4036;-3,222248669
4037;-3,142392851
4038;-3,251642622
4039;-3,033357309
4040;-3,182432104
4041;-3,049672729
4042;-3,029905637
4043;-3,110012091
4044;-2,917423839
4045;-3,090705746
4046;-2,931025832
4047;-2,972741384
4048;-3,018117225
4049;-2,864763093
4050;-3,050171037
4051;-2,874837483
4052;-2,975209584
4053;-2,982790915
4054;-2,879550529
4055;-3,064246897
4056;-2,885717784
4057;-3,037905769
4058;-3,007373026
4059;-2,961711318
4060;-3,133005312
4061;-2,96405962
4062;-3,157688978
4063;-3,091489501
4064;-3,106932617
4065;-3,253167209
4066;-3,106005937
4067;-3,327890536
4068;-3,2310612
4069;-3,306942354
4070;-3,418302826
4071;-3,303684711
4072;-3,538740219
4073;-3,418542908
4074;-3,550036436
4075;-3,61922438
4076;-3,545697348
4077;-3,777982495
4078;-3,64337869
4079;-3,821820701
4080;-3,844547089
4081;-3,817830219
4082;-4,031643917
4083;-3,892646232
4084;-4,10612048
4085;-4,081384403
4086;-4,10394488
4087;-4,284903566
4088;-4,151850961
4089;-4,386000194
4090;-4,316135096
4091;-4,38699119
4092;-4,523012313
4093;-4,405821199
4094;-4,644828617
4095;-4,535314256
4096;-4,650079634
4097;-4,732203898
4098;-4,639649137
4099;-4,867322697
4100;-4,726377555
4101;-4,87754534
4102;-4,900541596
4103;-4,839619268
4104;-5,040504372
4105;-4,87848852
4106;-5,055936641
4107;-5,018648472
4108;-4,994066467
4109;-5,1545104
4110;-4,983181997
4111;-5,174865707
4112;-5,080276657
4113;-5,094109958
4114;-5,203204667
4115;-5,034883279
4116;-5,227667351
4117;-5,082681215
4118;-5,134216966
4119;-5,184554961
4120;-5,031251109
4121;-5,211824136
4122;-5,02677636
4123;-5,112560164
4124;-5,100751107
4125;-4,973323504
4126;-5,129130616
4127;-4,917065353
4128;-5,031145768
4129;-4,958057707
4130;-4,865457295
4131;-4,985585931
4132;-4,761349326
4133;-4,895703298
4134;-4,766411408
4135;-4,715064867
4136;-4,79102117
4137;-4,570233951
4138;-4,715342838
4139;-4,538788668
4140;-4,532163923
4141;-4,558484617
4142;-4,356465193
4143;-4,502000149
4144;-4,290384335
4145;-4,328767528
4146;-4,303423367
4147;-4,134135783
4148;-4,269703349
4149;-4,037653133
4150;-4,118151443
4151;-4,04271268
4152;-3,917811824
4153;-4,033706115
4154;-3,797274621
4155;-3,914043306
4156;-3,793594139
4157;-3,721633632
4158;-3,809540928
4159;-3,585106801
4160;-3,729783057
4161;-3,572589521
4162;-3,558446269
4163;-3,61205111
4164;-3,41519411
4165;-3,57750581
4166;-3,394458892
4167;-3,439013126
4168;-3,454461994
4169;-3,298891868
4170;-3,467397135
4171;-3,271268737
4172;-3,37136062
4173;-3,347549384
4174;-3,24416181
4175;-3,40706635
4176;-3,211629058
4177;-3,360293749
4178;-3,298957657
4179;-3,255082367
4180;-3,401076342
4181;-3,220147747
4182;-3,407111616
4183;-3,312710742
4184;-3,331603794
4185;-3,450658925
4186;-3,297136899
4187;-3,509539597
4188;-3,388947335
4189;-3,469562736
4190;-3,553633515
4191;-3,438589805
4192;-3,661881473
4193;-3,523897832
4194;-3,660954542
4195;-3,704534496
4196;-3,636430323
4197;-3,85538131
4198;-3,71010544
4199;-3,89444544
4200;-3,894939938
4201;-3,879019099
4202;-4,078772038
4203;-3,936878625
4204;-4,156091713
4205;-4,113982009
4206;-4,15188487
4207;-4,318976348
4208;-4,190947569
4209;-4,430220144
4210;-4,349008262
4211;-4,43863485
4212;-4,56191627
4213;-4,45728438
4214;-4,700414048
4215;-4,586353698
4216;-4,721986853
4217;-4,793381375
4218;-4,720036415
4219;-4,950542764
4220;-4,81217662
4221;-4,984858065
4222;-4,999902093
4223;-4,963514744
4224;-5,165769989
4225;-5,013307278
4226;-5,211441779
4227;-5,169574566
4228;-5,173176108
4229;-5,333477878
4230;-5,178057369
4231;-5,388204121
4232;-5,292786645
4233;-5,336536853
4234;-5,444049334
4235;-5,296940715
4236;-5,504737811
4237;-5,36280087
4238;-5,443961337
4239;-5,49146001
4240;-5,363260747
4241;-5,554419025
4242;-5,376159213
4243;-5,489274942
4244;-5,473643625
4245;-5,373528405
4246;-5,534825818
4247;-5,332885414
4248;-5,470162578
4249;-5,392608529
4250;-5,327684382
4251;-5,447891639
4252;-5,236473217
4253;-5,388326907
4254;-5,254299104
4255;-5,229111515
4256;-5,299784185
4257;-5,093661943
4258;-5,249395421
4259;-5,068211575
4260;-5,084435937
4261;-5,100517181
4262;-4,914013885
4263;-5,062581264
4264;-4,846789145
4265;-4,903128548
4266;-4,863319576
4267;-4,709320017
4268;-4,840118116
4269;-4,604635069
4270;-4,696930653
4271;-4,603801921
4272;-4,492870977
4273;-4,596503753
4274;-4,35759352
4275;-4,479138438
4276;-4,338972558
4277;-4,278638346
4278;-4,347599003
4279;-4,121756183
4280;-4,263789779
4281;-4,08616571
4282;-4,080416602
4283;-4,109638106
4284;-3,912456916
4285;-4,064802981
4286;-3,861949117
4287;-3,910978339
4288;-3,898212243
4289;-3,743317319
4290;-3,895120191
4291;-3,681080169
4292;-3,781294387
4293;-3,727289941
4294;-3,625402647
4295;-3,765908132
4296;-3,555576398
4297;-3,699866305
4298;-3,608335961
4299;-3,566540309
4300;-3,685865457
4301;-3,493958956
4302;-3,672211745
4303;-3,549584352
4304;-3,570842915
4305;-3,660679695
4306;-3,500716774
4307;-3,700533679
4308;-3,555511839
4309;-3,638464808
4310;-3,692667682
4311;-3,576025134
4312;-3,783593225
4313;-3,626545328
4314;-3,765606376
4315;-3,780622268
4316;-3,715736323
4317;-3,916793258
4318;-3,759022697
4319;-3,944764907
4320;-3,919875468
4321;-3,911642821
4322;-4,092467175
4323;-3,9454102
4324;-4,165215342
4325;-4,102574968
4326;-4,151996317
4327;-4,300354633
4328;-4,174763684
4329;-4,413690062
4330;-4,318157751
4331;-4,422249637
4332;-4,528234756
4333;-4,433405452
4334;-4,675214512
4335;-4,553992423
4336;-4,705974682
4337;-4,762677763
4338;-4,705774927
4339;-4,934045969
4340;-4,7961513
4341;-4,985898329
4342;-4,989868868
4343;-4,975400223
4344;-5,174656537
4345;-5,030265197
4346;-5,244990901
4347;-5,196453995
4348;-5,225929915
4349;-5,382698962
4350;-5,242408542
4351;-5,46753848
4352;-5,370355658
4353;-5,442160333
4354;-5,545895181
4355;-5,419960364
4356;-5,640131481
4357;-5,501509276
4358;-5,610993746
4359;-5,654792621
4360;-5,552387968
4361;-5,752507182
4362;-5,582475181
4363;-5,722266978
4364;-5,703341697
4365;-5,631904635
4366;-5,798193225
4367;-5,608889211
4368;-5,769397916
4369;-5,689259338
4370;-5,653960257
4371;-5,774911689
4372;-5,579724731
4373;-5,749808698
4374;-5,614156813
4375;-5,617533954
4376;-5,684718509
4377;-5,497350426
4378;-5,665098293
4379;-5,483424901
4380;-5,525209786
4381;-5,533869703
4382;-5,367380701
4383;-5,520952874
4384;-5,305884559
4385;-5,38303
4386;-5,332423167
4387;-5,198328155
4388;-5,326798878
4389;-5,093225818
4390;-5,200133965
4391;-5,093601419
4392;-5,001079625
4393;-5,095219846
4394;-4,859270665
4395;-4,988204209
4396;-4,832955768
4397;-4,788227994
4398;-4,841173115
4399;-4,619106469
4400;-4,760753008
4401;-4,567384813
4402;-4,573300718
4403;-4,581055113
4404;-4,388144325
4405;-4,532292973
4406;-4,314069344
4407;-4,36993221
4408;-4,331673706
4409;-4,181161126
4410;-4,317442453
4411;-4,089390855
4412;-4,191030611
4413;-4,10919207
4414;-4,011384896
4415;-4,130020824
4416;-3,907901857
4417;-4,047989729
4418;-3,928110525
4419;-3,889679967
4420;-3,982189641
4421;-3,781412779
4422;-3,949994132
4423;-3,800350565
4424;-3,823882126
4425;-3,883693
4426;-3,718252824
4427;-3,903459645
4428;-3,734499037
4429;-3,818324328
4430;-3,841244607
4431;-3,722751061
4432;-3,911643245
4433;-3,735260495
4434;-3,87358155
4435;-3,858100139
4436;-3,794970093
4437;-3,974445972
4438;-3,803152727
4439;-3,986449661
4440;-3,933842222
4441;-3,930708669
4442;-4,088420739
4443;-3,934465241
4444;-4,150158584
4445;-4,064392254
4446;-4,121772601
4447;-4,246984445
4448;-4,121483926
4449;-4,354805531
4450;-4,242249344
4451;-4,35649649
4452;-4,440821346
4453;-4,352968361
4454;-4,587980504
4455;-4,456942534
4456;-4,620482933
4457;-4,658453023
4458;-4,614852237
4459;-4,835544488
4460;-4,695669165
4461;-4,897512299
4462;-4,886940155
4463;-4,891123247
4464;-5,082511484
4465;-4,944080605
4466;-5,170565467
4467;-5,112673309
4468;-5,164827363
4469;-5,313979341
4470;-5,187167183
4471;-5,422894955
4472;-5,322204515
4473;-5,419134439
4474;-5,516051576
4475;-5,410187828
4476;-5,639076906
4477;-5,503068968
4478;-5,638398095
4479;-5,676693188
4480;-5,599586858
4481;-5,805977804
4482;-5,64454677
4483;-5,809143022
4484;-5,786467847
4485;-5,743840893
4486;-5,913575245
4487;-5,738318272
4488;-5,920917321
4489;-5,839111381
4490;-5,834182962
4491;-5,955581451
4492;-5,778973062
4493;-5,96695586
4494;-5,831906844
4495;-5,865158228
4496;-5,929830737
4497;-5,764341526
4498;-5,944612452
4499;-5,765838847
4500;-5,834976048
4501;-5,838407064
4502;-5,695628712
4503;-5,855533176
4504;-5,645518584
4505;-5,745635571
4506;-5,687504269
4507;-5,577342236
4508;-5,70555946
4509;-5,478885166
4510;-5,602816057
4511;-5,487028359
4512;-5,417018522
4513;-5,504366543
4514;-5,276702684
4515;-5,415537717
4516;-5,24996748
4517;-5,224763936
4518;-5,264859715
4519;-5,051884919
4520;-5,195613193
4521;-4,991569734
4522;-5,012638667
4523;-5,002365989
4524;-4,818690104
4525;-4,956922892
4526;-4,728380976
4527;-4,7939208
4528;-4,733671914
4529;-4,591835968
4530;-4,714558581
4531;-4,477203414
4532;-4,582295364
4533;-4,475967967
4534;-4,385589975
4535;-4,483887991
4536;-4,254040648
4537;-4,39101775
4538;-4,245766023
4539;-4,212890953
4540;-4,279598408
4541;-4,073095449
4542;-4,232102512
4543;-4,057858134
4544;-4,08455611
4545;-4,114778762
4546;-3,945883119
4547;-4,115587083
4548;-3,924382411
4549;-4,008621934
4550;-4,00009763
4551;-3,880515778
4552;-4,048915425
4553;-3,85405507
4554;-3,989859023
4555;-3,943128825
4556;-3,88120209
4557;-4,036479401
4558;-3,851617339
4559;-4,029489979
4560;-3,947867278
4561;-3,947993221
4562;-4,079346086
4563;-3,917532383
4564;-4,125126908
4565;-4,014466251
4566;-4,076790302
4567;-4,175187939
4568;-4,04795168
4569;-4,27093144
4570;-4,139213212
4571;-4,259612184
4572;-4,318420432
4573;-4,234953267
4574;-4,457986536
4575;-4,314746906
4576;-4,485105929
4577;-4,50053907
4578;-4,467037125
4579;-4,674856329
4580;-4,530503088
4581;-4,739267307
4582;-4,710635556
4583;-4,729846699
4584;-4,908298819
4585;-4,773362032
4586;-5,006325459
4587;-4,9360619
4588;-5,007071233
4589;-5,144086988
4590;-5,028458222
4591;-5,269735767
4592;-5,163202167
4593;-5,281472138
4594;-5,36788744
4595;-5,2801023
4596;-5,513218314
4597;-5,378304905
4598;-5,535968731
4599;-5,566142349
4600;-5,512758109
4601;-5,721776701
4602;-5,568325484
4603;-5,754714838
4604;-5,726900535
4605;-5,712013972
4606;-5,882633392
4607;-5,721726868
4608;-5,924098329
4609;-5,840546805
4610;-5,865487453
4611;-5,986023245
4612;-5,829189746
4613;-6,033600413
4614;-5,900385207
4615;-5,963606732
4616;-6,02579594
4617;-5,884188375
4618;-6,076460367
4619;-5,903040922
4620;-6,000219192
4621;-5,999790185
4622;-5,883396581
4623;-6,050103625
4624;-5,848656839
4625;-5,97298847
4626;-5,909957012
4627;-5,826898657
4628;-5,956306052
4629;-5,740873508
4630;-5,883554222
4631;-5,762225255
4632;-5,718191762
4633;-5,801083909
4634;-5,586594504
4635;-5,7374437
4636;-5,566118528
4637;-5,563979128
4638;-5,594316313
4639;-5,395552369
4640;-5,543739651
4641;-5,334148499
4642;-5,373766197
4643;-5,349123921
4644;-5,179702458
4645;-5,314524401
4646;-5,081023223
4647;-5,159283886
4648;-5,08104295
4649;-4,952482449
4650;-5,064134064
4651;-4,822720707
4652;-4,933773833
4653;-4,807046616
4654;-4,727983359
4655;-4,808268861
4656;-4,575486163
4657;-4,71117906
4658;-4,544475706
4659;-4,520083149
4660;-4,563014751
4661;-4,354815925
4662;-4,505289375
4663;-4,30994577
4664;-4,341596111
4665;-4,343837366
4666;-4,174491647
4667;-4,328893787
4668;-4,118299907
4669;-4,203490055
4670;-4,164611199
4671;-4,045724981
4672;-4,192991964
4673;-3,981673236
4674;-4,114219012
4675;-4,036745071
4676;-3,976465815
4677;-4,106113269
4678;-3,908728112
4679;-4,079211885
4680;-3,968459071
4681;-3,970916698
4682;-4,07378554
4683;-3,904108362
4684;-4,100547883
4685;-3,964258897
4686;-4,029283038
4687;-4,098186671
4688;-3,968146966
4689;-4,176837962
4690;-4,024641285
4691;-4,147773804
4692;-4,178001022
4693;-4,096845623
4694;-4,303318935
4695;-4,146049875
4696;-4,318851733
4697;-4,308490129
4698;-4,282127436
4699;-4,472153828
4700;-4,321085168
4701;-4,531716478
4702;-4,481774119
4703;-4,512346736
4704;-4,672919526
4705;-4,538956304
4706;-4,772989634
4707;-4,687307238
4708;-4,773023805
4709;-4,893251362
4710;-4,786147164
4711;-5,027558115
4712;-4,912518947
4713;-5,04775806
4714;-5,119604811
4715;-5,047255709
4716;-5,279522611
4717;-5,14358175
4718;-5,319262037
4719;-5,338087427
4720;-5,305954437
4721;-5,513191571
4722;-5,366258964
4723;-5,570450861
4724;-5,535310016
4725;-5,546012057
4726;-5,714058494
4727;-5,566780572
4728;-5,78551847
4729;-5,699204999
4730;-5,752312394
4731;-5,869701677
4732;-5,73269335
4733;-5,950932667
4734;-5,81976208
4735;-5,91180649
4736;-5,970550616
4737;-5,85363283
4738;-6,056286299
4739;-5,889636493
4740;-6,014337845
4741;-6,010471829
4742;-5,92196927
4743;-6,094950932
4744;-5,904593015
4745;-6,053288531
4746;-5,987138322
4747;-5,933287364
4748;-6,064491932
4749;-5,863759015
4750;-6,026004949
4751;-5,902160558
4752;-5,88666947
4753;-5,966818927
4754;-5,769671522
4755;-5,933975792
4756;-5,760971757
4757;-5,784764168
4758;-5,808062363
4759;-5,62811591
4760;-5,78275021
4761;-5,572475658
4762;-5,633635051
4763;-5,598184157
4764;-5,447766451
4765;-5,581600537
4766;-5,348479682
4767;-5,442398227
4768;-5,350347238
4769;-5,239651092
4770;-5,342949993
4771;-5,102949641
4772;-5,222670043
4773;-5,080083933
4774;-5,016473429
4775;-5,081600648
4776;-4,851133136
4777;-4,987858353
4778;-4,804315845
4779;-4,791833514
4780;-4,813809641
4781;-4,608606704
4782;-4,752340453
4783;-4,540287168
4784;-4,57939518
4785;-4,556271306
4786;-4,390306327
4787;-4,530577985
4788;-4,304478777
4789;-4,39205076
4790;-4,325069011
4791;-4,209601614
4792;-4,336223212
4793;-4,111571571
4794;-4,24113414
4795;-4,134662582
4796;-4,077471061
4797;-4,181271865
4798;-3,97352438
4799;-4,135730027
4800;-3,996975151
4801;-4,001829179
4802;-4,075315113
4803;-3,89882439
4804;-4,082121434
4805;-3,920637202
4806;-3,987046662
4807;-4,024937315
4808;-3,891957142
4809;-4,083408837
4810;-3,910435825
4811;-4,033692566
4812;-4,033297408
4813;-3,953129201
4814;-4,139324022
4815;-3,967004435
4816;-4,138513553
4817;-4,099920628
4818;-4,078260637
4819;-4,246249714
4820;-4,086773109
4821;-4,294650469
4822;-4,220714316
4823;-4,259247414
4824;-4,397443582
4825;-4,262183367
4826;-4,492077779
4827;-4,38820781
4828;-4,484476759
4829;-4,583452728
4830;-4,482154543
4831;-4,718237646
4832;-4,592002515
4833;-4,739562656
4834;-4,79269325
4835;-4,732772994
4836;-4,958828456
4837;-4,819405192
4838;-5,008254814
4839;-5,012159388
4840;-4,99816128
4841;-5,198698242
4842;-5,056206002
4843;-5,273463546
4844;-5,228218965
4845;-5,261472994
4846;-5,422787148
4847;-5,287553729
4848;-5,518335851
4849;-5,427446576
4850;-5,505950839
4851;-5,61706031
4852;-5,498874335
4853;-5,727314819
4854;-5,59744373
4855;-5,715981434
4856;-5,769373407
4857;-5,676776077
4858;-5,887115704
4859;-5,72759598
4860;-5,878080351
4861;-5,870217544
4862;-5,80988498
4863;-5,98755734
4864;-5,809720935
4865;-5,981745144
4866;-5,913297886
4867;-5,889558532
4868;-6,022196839
4869;-5,838567685
4870;-6,020122308
4871;-5,895910933
4872;-5,910432753
4873;-5,988727986
4874;-5,812137252
4875;-5,990445715
4876;-5,819097975
4877;-5,870767958
4878;-5,889118718
4879;-5,731804573
4880;-5,894218418
4881;-5,687566223
4882;-5,772570854
4883;-5,729479544
4884;-5,602234565
4885;-5,737125811
4886;-5,509383478
4887;-5,621484397
4888;-5,519671751
4889;-5,431097417
4890;-5,528685108
4891;-5,295466252
4892;-5,426451246
4893;-5,272680569
4894;-5,228600411
4895;-5,281652697
4896;-5,058893845
4897;-5,199170724
4898;-5,003793246
4899;-5,006864784
4900;-5,011226313
4901;-4,814091564
4902;-4,953382147
4903;-4,729634145
4904;-4,779185563
4905;-4,734091931
4906;-4,575934095
4907;-4,704018331
4908;-4,467117877
4909;-4,559219457
4910;-4,467375246
4911;-4,35882477
4912;-4,466281358
4913;-4,232386474
4914;-4,360150269
4915;-4,227563681
4916;-4,175807679
4917;-4,254697778
4918;-4,039797483
4919;-4,193882723
4920;-4,029466888
4921;-4,037767311
4922;-4,082211957
4923;-3,901026462
4924;-4,070313854
4925;-3,885281376
4926;-3,952764726
4927;-3,959374187
4928;-3,824340027
4929;-3,996726482
4930;-3,803818449
4931;-3,925550632
4932;-3,893674539
4933;-3,814084719
4934;-3,977341843
4935;-3,78994441
4936;-3,957284647
4937;-3,889064579
4938;-3,870423266
4939;-4,013058814
4940;-3,844268695
4941;-4,045477167
4942;-3,945697581
4943;-3,989334194
4944;-4,10139584
4945;-3,963099954
4946;-4,184156482
4947;-4,059904365
4948;-4,162874123
4949;-4,236639314
4950;-4,138673253
4951;-4,364249888
4952;-4,224407292
4953;-4,379685574
4954;-4,410189608
4955;-4,359634427
4956;-4,574154404
4957;-4,428760114
4958;-4,625717759
4959;-4,611083881
4960;-4,611751349
4961;-4,800461155
4962;-4,659987195
4963;-4,885114492
4964;-4,826663997
4965;-4,878807544
4966;-5,028788174
4967;-4,9033831
4968;-5,141213028
4969;-5,043348975
4970;-5,143621944
4971;-5,244669895
4972;-5,143423326
4973;-5,377590813
4974;-5,247464983
4975;-5,389130612
4976;-5,434448385
4977;-5,364729817
4978;-5,579094308
4979;-5,426082261
4980;-5,5994622
4981;-5,586111452
4982;-5,553031198
4983;-5,73278539
4984;-5,567807881
4985;-5,760939282
4986;-5,690026319
4987;-5,696057746
4988;-5,828746172
4989;-5,663485831
4990;-5,86294228
4991;-5,739524147
4992;-5,784314921
4993;-5,860692196
4994;-5,70676147
4995;-5,898581316
4996;-5,731300099
4997;-5,811686612
4998;-5,826356101
4999;-5,694475611
5000;-5,865133412
